Workbook

Sheet H1
A6: CORRELATIVO N°3 | G6: 45778 | H6: 45779 | I6: 45780 | J6: 45781 | K6: 45782 | L6: 45783 | M6: 45784 | N6: 45785 | O6: 45786 | P6: 45787 | Q6: 45788 | R6: 45789 | S6: 45790 | T6: 45791 | U6: 45792 | V6: 45793 | W6: 45794 | X6: 45795 | Y6: 45796 | Z6: 45797 | AA6: 45798 | AB6: 45799 | AC6: 45800 | AD6: 45801 | AE6: 45802 | AF6: 45803 | AG6: 45804 | AH6: 45805 | AI6: 45806 | AJ6: 45807 | AK6: 01 AL 30 DE JUNIO
B9: HAB | C9: APELLIDO PATERNO | D9: APELLIDO MATERNO | E9: NOMBRE | F9: RUT | AK9: D. OCUP | AL9: V. OCUP | AM9: T. OCUP.
A10: H1 | B10: 3 | C10: SOLIS | D10: HIDALGO | E10: ALEJANDRO | F10: 17078357-3 | G10: 1 | H10: 1 | I10: 1 | AK10: =SUM(G10:AJ10) -> 3 | AL10: 32000 | AM10: =AL10*AK10 -> 96000
A11: H1 | B11: 3 | C11: SANTANDER | D11: ÁVILES | E11: JAVIER | F11: 15183270-9 | G11: 1 | H11: 1 | I11: 1 | AK11: =SUM(G11:AJ11) -> 3 | AL11: 32000 | AM11: =AL11*AK11 -> 96000
A12: H1 | B12: 5 | C12: ORTIZ | D12: ORTIZ | E12: JUAN | F12: 15198618-8 | G12: 1 | H12: 1 | I12: 1 | AK12: =SUM(G12:AJ12) -> 3 | AL12: 32000 | AM12: =AL12*AK12 -> 96000
A13: H1 | B13: 5 | C13: ROMERO | D13: PACHECO | E13: CRISTIAN | F13: 11963508-K | G13: 1 | H13: 1 | I13: 1 | AK13: =SUM(G13:AJ13) -> 3 | AL13: 32000 | AM13: =AL13*AK13 -> 96000
A14: H1 | B14: 9 | C14: MUÑOZ | D14: QUEZADA | E14: MIGUEL | F14: 15819396-5 | G14: 1 | H14: 1 | I14: 1 | AK14: =SUM(G14:AJ14) -> 3 | AL14: 32000 | AM14: =AL14*AK14 -> 96000
A15: H1 | B15: 10 | C15: PINCHON | D15: CORNEJO | E15: MARCO | F15: 12915179-K | G15: 1 | H15: 1 | I15: 1 | AK15: =SUM(G15:AJ15) -> 3 | AL15: 32000 | AM15: =AL15*AK15 -> 96000
A16: H1 | B16: 10 | C16: INOSTROZA | D16: INOSTROZA | E16: RINDOLFO | F16: 11585182-9 | G16: 1 | H16: 1 | I16: 1 | AK16: =SUM(G16:AJ16) -> 3 | AL16: 32000 | AM16: =AL16*AK16 -> 96000
A17: H1 | B17: 11 | C17: VILLAGRA | D17: AEDO | E17: IGNACIO | F17: 19090851-8 | G17: 1 | H17: 1 | I17: 1 | AK17: =SUM(G17:AJ17) -> 3 | AL17: 32000 | AM17: =AL17*AK17 -> 96000
A18: H1 | B18: 11 | C18: ESPINOZA | D18: ESPINOZA | E18: RODOLFO | F18: 16090751-7 | G18: 1 | H18: 1 | I18: 1 | AK18: =SUM(G18:AJ18) -> 3 | AL18: 32000 | AM18: =AL18*AK18 -> 96000
A19: H1 | B19: 13 | C19: ALMAZABAL | D19: SAAVEDRA | E19: OMERANDO | F19: 14444202-4 | G19: 1 | H19: 1 | I19: 1 | AK19: =SUM(G19:AJ19) -> 3 | AL19: 32000 | AM19: =AL19*AK19 -> 96000
A20: H1 | B20: 13 | C20: VERGARA | D20: CONTRERAS | E20: CLAUDIO | F20: 12521035-K | G20: 1 | H20: 1 | I20: 1 | AK20: =SUM(G20:AJ20) -> 3 | AL20: 32000 | AM20: =AL20*AK20 -> 96000
A21: H1 | B21: 15 | C21: IBACETA | D21: PORMA | E21: FRANCHESCA | F21: 20408882-9 | G21: 1 | H21: 1 | I21: 1 | AK21: =SUM(G21:AJ21) -> 3 | AL21: 32000 | AM21: =AL21*AK21 -> 96000
... A24: H1 | B24: 18 | C24: ORTEGA | D24: CERDA | E24: RAUL | F24: 19410879-6 | G24: 1 | H24: 1 | I24: 1 | AK24: =SUM(G24:AJ24) -> 3 | AL24: 32000 | AM24: =AL24*AK24 -> 96000
A25: H1 | B25: 20 | C25: ÑANCO | D25: MILLALEN | E25: LUIS | F25: 15248769-K | G25: 1 | H25: 1 | AK25: =SUM(G25:AJ25) -> 2 | AL25: 32000 | AM25: =AL25*AK25 -> 64000
A26: H1 | B26: 22 | C26: CASTRO | D26: LEON | E26: CLAUDIO | F26: 19045218-2 | G26: 1 | H26: 1 | AK26: =SUM(G26:AJ26) -> 2 | AL26: 32000 | AM26: =AL26*AK26 -> 64000
A27: H1 | B27: 22 | C27: RIFFO | D27: CISTERNAS | E27: SERGIO | F27: 15728475-4 | G27: 1 | H27: 1 | AK27: =SUM(G27:AJ27) -> 2 | AL27: 32000 | AM27: =AL27*AK27 -> 64000
A28: H1 | B28: 24 | C28: PEZO | D28: MONTENEGRO | E28: MAURICIO | F28: 15568743-6 | G28: 1 | H28: 1 | AK28: =SUM(G28:AJ28) -> 2 | AL28: 32000 | AM28: =AL28*AK28 -> 64000
A29: H1 | B29: 24 | C29: CARO | D29: CONTRERAS | E29: JOSÉ | F29: 12051577-2 | G29: 1 | H29: 1 | AK29: =SUM(G29:AJ29) -> 2 | AL29: 32000 | AM29: =AL29*AK29 -> 64000
A30: H1 | B30: 26 | C30: ARANCIBIA | D30: OVALLE | E30: ROBERTO | F30: 9347291-8 | G30: 1 | H30: 1 | AK30: =SUM(G30:AJ30) -> 2 | AL30: 32000 | AM30: =AL30*AK30 -> 64000
A31: H1 | B31: 26 | C31: SAAVEDRA | D31: FUENSALIDA | E31: ESTEBAN | F31: 15753932-9 | G31: 1 | H31: 1 | AK31: =SUM(G31:AJ31) -> 2 | AL31: 32000 | AM31: =AL31*AK31 -> 64000
A32: H1 | B32: 27 | C32: CONTRERAS | D32: CONTRERAS | E32: JAVIER | F32: 19320445-7 | G32: 1 | H32: 1 | AK32: =SUM(G32:AJ32) -> 2 | AL32: 32000 | AM32: =AL32*AK32 -> 64000
A33: H1 | B33: 27 | C33: CONTRERAS | D33: SEPULVEDA | E33: CRISTIAN | F33: 14389879-2 | G33: 1 | H33: 1 | AK33: =SUM(G33:AJ33) -> 2 | AL33: 32000 | AM33: =AL33*AK33 -> 64000
A34: H1 | B34: 28 | C34: CARMONA | D34: CASTILLO | E34: BENJAMIN | F34: 20152621-3 | G34: 1 | H34: 1 | I34: 1 | AK34: =SUM(G34:AJ34) -> 3 | AL34: 32000 | AM34: =AL34*AK34 -> 96000
A35: H1 | B35: 28 | C35: VENEGAS | D35: GARCES | E35: HERNAN | F35: 16641048-7 | G35: 1 | H35: 1 | I35: 1 | AK35: =SUM(G35:AJ35) -> 3 | AL35: 32000 | AM35: =AL35*AK35 -> 96000
A36: H1 | B36: 29 | C36: COMICHEO | D36: VIDAL | E36: ISAAC | F36: 20550837-6 | G36: 1 | H36: 1 | I36: 1 | AK36: =SUM(G36:AJ36) -> 3 | AL36: 32000 | AM36: =AL36*AK36 -> 96000
A37: H1 | B37: 29 | C37: SOLAR | D37: PARRA | E37: MARCELO | F37: 18318800-3 | G37: 1 | H37: 1 | I37: 1 | AK37: =SUM(G37:AJ37) -> 3 | AL37: 32000 | AM37: =AL37*AK37 -> 96000
A38: H1 | B38: 30 | C38: CONSTANZO | D38: JELVEZ | E38: ROBERTO | F38: 14028085-2 | G38: 1 | H38: 1 | I38: 1 | AK38: =SUM(G38:AJ38) -> 3 | AL38: 32000 | AM38: =AL38*AK38 -> 96000
A39: H1 | B39: 30 | C39: MONJE | D39: GARAY | E39: CRISTIAN | F39: 15962839-6 | G39: 1 | H39: 1 | I39: 1 | AK39: =SUM(G39:AJ39) -> 3 | AL39: 32000 | AM39: =AL39*AK39 -> 96000
A40: H1 | B40: 33 | C40: CID | D40: URRIOLA | E40: IVAN MAURICIO | F40: 12463574-8 | G40: 1 | H40: 1 | I40: 1 | AK40: =SUM(G40:AJ40) -> 3 | AL40: 32000 | AM40: =AL40*AK40 -> 96000
A41: H1 | B41: 33 | C41: TOLEDO | D41: JARA | E41: JOSE ABELARDO | F41: 9092883-K | G41: 1 | H41: 1 | I41: 1 | AK41: =SUM(G41:AJ41) -> 3 | AL41: 32000 | AM41: =AL41*AK41 -> 96000
A42: H1 | B42: 35 | C42: LEPE | D42: HERRERA | E42: FRANCISCO | F42: 11582166-0 | G42: 1 | H42: 1 | I42: 1 | AK42: =SUM(G42:AJ42) -> 3 | AL42: 32000 | AM42: =AL42*AK42 -> 96000
A43: H1 | B43: 35 | C43: MELLADO | D43: RIVERA | E43: BASTIAN | F43: 20907528-8 | G43: 1 | H43: 1 | I43: 1 | AK43: =SUM(G43:AJ43) -> 3 | AL43: 32000 | AM43: =AL43*AK43 -> 96000
A44: H1 | B44: 37 | C44: ANTINAO | D44: CALFIQUEO | E44: JUAN | F44: 17446134-1 | G44: 1 | H44: 1 | I44: 1 | AK44: =SUM(G44:AJ44) -> 3 | AL44: 32000 | AM44: =AL44*AK44 -> 96000
A45: H1 | B45: 37 | C45: DOMINGUEZ | D45: FIGUEROA | E45: FERNANDO | F45: 10822787-7 | G45: 1 | H45: 1 | I45: 1 | AK45: =SUM(G45:AJ45) -> 3 | AL45: 32000 | AM45: =AL45*AK45 -> 96000
... A140: H1 | B140: 109 | C140: CESPEDES | D140: GALLARDO | E140: ANGELO | F140: 15592455-4 | G140: 1 | H140: 1 | I140: 1 | AK140: =SUM(G140:AJ140) -> 3 | AL140: 32000 | AM140: =AL140*AK140 -> 96000
A141: H1 | B141: 110 | C141: SILVA | E141: PABLO | F141: 12973296-5 | G141: 1 | H141: 1 | I141: 1 | AK141: =SUM(G141:AJ141) -> 3 | AL141: 32000 | AM141: =AL141*AK141 -> 96000
A142: H1 | B142: 110 | C142: CIFUENTES | D142: ALARCON | E142: JOSE | F142: 15190004-6 | G142: 1 | H142: 1 | I142: 1 | AK142: =SUM(G142:AJ142) -> 3 | AL142: 32000 | AM142: =AL142*AK142 -> 96000
A143: H1 | B143: 111 | C143: FUENZALIDA | D143: SCHIPMAN | E143: CRISTIAN | F143: 19038296-6 | G143: 1 | H143: 1 | I143: 1 | AK143: =SUM(G143:AJ143) -> 3 | AL143: 32000 | AM143: =AL143*AK143 -> 96000
A144: H1 | B144: 111 | C144: GALLARDO | D144: ROJAS | E144: CLAUDIO | F144: 16818093-4 | G144: 1 | H144: 1 | I144: 1 | AK144: =SUM(G144:AJ144) -> 3 | AL144: 32000 | AM144: =AL144*AK144 -> 96000
A145: H1 | B145: 112 | C145: GONZALEZ | D145: SANGUINETTI | E145: MATIAS | F145: 21269464-9 | G145: 1 | H145: 1 | I145: 1 | AK145: =SUM(G145:AJ145) -> 3 | AL145: 32000 | AM145: =AL145*AK145 -> 96000
A146: H1 | B146: 112 | C146: ESPINOZA | D146: TRONCOSO | E146: MARCO | F146: 15499412-2 | G146: 1 | H146: 1 | I146: 1 | AK146: =SUM(G146:AJ146) -> 3 | AL146: 32000 | AM146: =AL146*AK146 -> 96000
A147: H1 | B147: 113 | C147: MARIN | D147: TORRES | E147: RICARDO | F147: 12025317-4 | G147: 1 | H147: 1 | I147: 1 | AK147: =SUM(G147:AJ147) -> 3 | AL147: 32000 | AM147: =AL147*AK147 -> 96000
A148: H1 | B148: 113 | C148: ACEVEDO | D148: ROMERO | E148: REINALDO | F148: 18067804-2 | G148: 1 | H148: 1 | I148: 1 | AK148: =SUM(G148:AJ148) -> 3 | AL148: 32000 | AM148: =AL148*AK148 -> 96000
A149: H1 | B149: 114 | C149: VERGARA | D149: VERGARA | E149: ALEXIS | F149: 15503449-1 | G149: 1 | H149: 1 | I149: 1 | AK149: =SUM(G149:AJ149) -> 3 | AL149: 32000 | AM149: =AL149*AK149 -> 96000
A150: H1 | B150: 114 | C150: LUNA | D150: FUENTEALBA | E150: VICTOR | F150: 14027749-5 | G150: 1 | H150: 1 | I150: 1 | AK150: =SUM(G150:AJ150) -> 3 | AL150: 32000 | AM150: =AL150*AK150 -> 96000
A151: H1 | B151: 117 | C151: CAYUQUEO | D151: CAMPOS | E151: ERWIN | F151: 17261752-2 | G151: 1 | H151: 1 | I151: 1 | AK151: =SUM(G151:AJ151) -> 3 | AL151: 32000 | AM151: =AL151*AK151 -> 96000
A152: H1 | B152: 117 | C152: FUENTEALBA | D152: MUÑOZ | E152: PABLO | F152: 15508059-0 | G152: 1 | H152: 1 | I152: 1 | AK152: =SUM(G152:AJ152) -> 3 | AL152: 32000 | AM152: =AL152*AK152 -> 96000
A153: H1 | B153: 120 | C153: REYES | D153: RIVERA | E153: PATRICIO | F153: 17400535-4 | G153: 1 | H153: 1 | I153: 1 | AK153: =SUM(G153:AJ153) -> 3 | AL153: 32000 | AM153: =AL153*AK153 -> 96000
... A167: H1 | B167: 61 | C167: PARRA | D167: ESPINOZA | E167: MOISES | F167: 11901984-2 | G167: 1 | H167: 1 | I167: 1 | AK167: =SUM(G167:AJ167) -> 3 | AL167: 32000 | AM167: =AL167*AK167 -> 96000
A168: H1 | B168: 4 | C168: HUACCHA | D168: LLANOS | E168: PATRICIO | F168: 9739792 | G168: 1 | H168: 1 | I168: 1 | AK168: =SUM(G168:AJ168) -> 3 | AL168: 32000 | AM168: =AL168*AK168 -> 96000
A169: H1 | B169: 4 | C169: ZAMBRANO | D169: QUISPE | E169: HERMINIO | F169: 45359428 | G169: 1 | H169: 1 | I169: 1 | AK169: =SUM(G169:AJ169) -> 3 | AL169: 32000 | AM169: =AL169*AK169 -> 96000
A170: H1 | B170: 9 | C170: RAMOS | D170: JANAMPA | E170: RONY | F170: 44246612 | G170: 1 | H170: 1 | I170: 1 | AK170: =SUM(G170:AJ170) -> 3 | AL170: 32000 | AM170: =AL170*AK170 -> 96000
A171: H1 | B171: 9 | C171: RODRIGUEZ | D171: VARAS | E171: REYNER | F171: 46185887 | G171: 1 | H171: 1 | I171: 1 | AK171: =SUM(G171:AJ171) -> 3 | AL171: 32000 | AM171: =AL171*AK171 -> 96000
A172: H1 | B172: 11 | C172: DE LA CRUZ | D172: PAYTAN | E172: VICTOR | F172: 23269394 | G172: 1 | H172: 1 | I172: 1 | AK172: =SUM(G172:AJ172) -> 3 | AL172: 32000 | AM172: =AL172*AK172 -> 96000
A173: H1 | B173: 11 | C173: VARGAS | D173: PADILLA | E173: FELIX | F173: 31934043 | G173: 1 | H173: 1 | I173: 1 | AK173: =SUM(G173:AJ173) -> 3 | AL173: 32000 | AM173: =AL173*AK173 -> 96000
A174: H1 | B174: 13 | C174: HUAYRA | D174: QUISPE | E174: FIDEL | F174: 40707275 | G174: 1 | H174: 1 | I174: 1 | AK174: =SUM(G174:AJ174) -> 3 | AL174: 32000 | AM174: =AL174*AK174 -> 96000
A175: H1 | B175: 13 | C175: SANCHEZ | D175: SATALAYA | E175: GENIX | F175: 46081253 | G175: 1 | H175: 1 | I175: 1 | AK175: =SUM(G175:AJ175) -> 3 | AL175: 32000 | AM175: =AL175*AK175 -> 96000
A176: H1 | B176: 14 | C176: BERMEJO | D176: LEYTON | E176: JOSE | F176: 40769939 | G176: 1 | H176: 1 | I176: 1 | AK176: =SUM(G176:AJ176) -> 3 | AL176: 32000 | AM176: =AL176*AK176 -> 96000
A177: H1 | B177: 15 | C177: YACTAYO | D177: VERGARAY | E177: JAIME | F177: 80088096 | G177: 1 | H177: 1 | I177: 1 | AK177: =SUM(G177:AJ177) -> 3 | AL177: 32000 | AM177: =AL177*AK177 -> 96000
A178: H1 | B178: 15 | C178: INOSTROZA | D178: ARAUJO | E178: JOSE | F178: 444719257 | G178: 1 | H178: 1 | I178: 1 | AK178: =SUM(G178:AJ178) -> 3 | AL178: 32000 | AM178: =AL178*AK178 -> 96000
A179: H1 | B179: 16 | C179: MAMANI | D179: AREVALO | E179: JESUS | F179: 44181783 | G179: 1 | H179: 1 | I179: 1 | AK179: =SUM(G179:AJ179) -> 3 | AL179: 32000 | AM179: =AL179*AK179 -> 96000
... A196: H1 | B196: 27 | C196: MACHICADO | D196: MAMANI | E196: JONY | F196: 336557623 | G196: 1 | H196: 1 | I196: 1 | AK196: =SUM(G196:AJ196) -> 3 | AL196: 32000 | AM196: =AL196*AK196 -> 96000
A197: H1 | B197: 3 | C197: SANTANDER | D197: ÁVILES | E197: JAVIER | F197: 15183270-9 | J197: 1 | K197: 1 | L197: 1 | M197: 1 | N197: 1 | O197: 1 | P197: 1 | Q197: 1 | R197: 1 | S197: 1 | T197: 1 | U197: 1 | V197: 1 | W197: 1 | AK197: =SUM(G197:AJ197) -> 14 | AL197: 32000 | AM197: =AL197*AK197 -> 448000
A198: H1 | B198: 3 | C198: MELLADO | D198: RIVERA | E198: BASTIAN | F198: 20907528-8 | J198: 1 | K198: 1 | L198: 1 | M198: 1 | N198: 1 | O198: 1 | P198: 1 | Q198: 1 | R198: 1 | S198: 1 | T198: 1 | U198: 1 | V198: 1 | W198: 1 | AK198: =SUM(G198:AJ198) -> 14 | AL198: 32000 | AM198: =AL198*AK198 -> 448000
A199: H1 | B199: 7 | C199: BELMAR | D199: HENRIQUEZ | E199: MIGUEL | F199: 12047482-0 | J199: 1 | K199: 1 | L199: 1 | M199: 1 | N199: 1 | O199: 1 | P199: 1 | Q199: 1 | R199: 1 | S199: 1 | T199: 1 | U199: 1 | V199: 1 | W199: 1 | AK199: =SUM(G199:AJ199) -> 14 | AL199: 32000 | AM199: =AL199*AK199 -> 448000
A200: H1 | B200: 7 | C200: FUENTES | D200: FUENTES | E200: MARCELO | F200: 12519877-5 | J200: 1 | K200: 1 | L200: 1 | M200: 1 | N200: 1 | O200: 1 | P200: 1 | Q200: 1 | R200: 1 | S200: 1 | T200: 1 | U200: 1 | V200: 1 | W200: 1 | AK200: =SUM(G200:AJ200) -> 14 | AL200: 32000 | AM200: =AL200*AK200 -> 448000
A201: H1 | B201: 8 | C201: BEROIZA | D201: RAILAF | E201: NICOLAS | F201: 19463033-6 | J201: 1 | K201: 1 | L201: 1 | M201: 1 | N201: 1 | O201: 1 | P201: 1 | Q201: 1 | R201: 1 | S201: 1 | T201: 1 | U201: 1 | V201: 1 | W201: 1 | AK201: =SUM(G201:AJ201) -> 14 | AL201: 32000 | AM201: =AL201*AK201 -> 448000
A202: H1 | B202: 8 | C202: CALPIQUEO | D202: PAILLACAN | E202: ALIRO | F202: 15239015-7 | J202: 1 | K202: 1 | L202: 1 | M202: 1 | N202: 1 | O202: 1 | P202: 1 | Q202: 1 | R202: 1 | S202: 1 | T202: 1 | U202: 1 | V202: 1 | W202: 1 | AK202: =SUM(G202:AJ202) -> 14 | AL202: 32000 | AM202: =AL202*AK202 -> 448000
A203: H1 | B203: 8 | C203: VALDERRAMA | D203: VALDERRAMA | E203: DARLETH | F203: 20941532-1 | J203: 1 | K203: 1 | L203: 1 | M203: 1 | N203: 1 | O203: 1 | P203: 1 | Q203: 1 | R203: 1 | S203: 1 | T203: 1 | U203: 1 | V203: 1 | W203: 1 | AK203: =SUM(G203:AJ203) -> 14 | AL203: 32000 | AM203: =AL203*AK203 -> 448000
A204: H1 | B204: 8 | C204: SAEZ | D204: MORALES | E204: PRICSILA | F204: 20210460-6 | J204: 1 | K204: 1 | L204: 1 | M204: 1 | N204: 1 | O204: 1 | P204: 1 | Q204: 1 | R204: 1 | S204: 1 | T204: 1 | U204: 1 | V204: 1 | W204: 1 | AK204: =SUM(G204:AJ204) -> 14 | AL204: 32000 | AM204: =AL204*AK204 -> 448000
A205: H1 | B205: 9 | C205: ARROYO | D205: ORTIZ | E205: DAVID | J205: 1 | K205: 1 | L205: 1 | M205: 1 | N205: 1 | O205: 1 | P205: 1 | Q205: 1 | R205: 1 | S205: 1 | T205: 1 | U205: 1 | V205: 1 | W205: 1 | AK205: =SUM(G205:AJ205) -> 14 | AL205: 32000 | AM205: =AL205*AK205 -> 448000
A206: H1 | B206: 9 | C206: ROSALES | D206: ARAVENA | E206: LEANDRO | F206: 16140720-8 | J206: 1 | K206: 1 | L206: 1 | M206: 1 | N206: 1 | O206: 1 | P206: 1 | Q206: 1 | R206: 1 | S206: 1 | T206: 1 | U206: 1 | V206: 1 | W206: 1 | AK206: =SUM(G206:AJ206) -> 14 | AL206: 32000 | AM206: =AL206*AK206 -> 448000
A207: H1 | B207: 9 | C207: BARRIGA | D207: RETAMAL | E207: CESAR | F207: 15193371-8 | J207: 1 | K207: 1 | L207: 1 | M207: 1 | N207: 1 | O207: 1 | P207: 1 | Q207: 1 | R207: 1 | S207: 1 | T207: 1 | U207: 1 | V207: 1 | W207: 1 | AK207: =SUM(G207:AJ207) -> 14 | AL207: 32000 | AM207: =AL207*AK207 -> 448000
A208: H1 | B208: 10 | C208: LABRIN | D208: BASCUR | E208: ARTURO | F208: 9715707-3 | J208: 1 | K208: 1 | L208: 1 | M208: 1 | N208: 1 | O208: 1 | P208: 1 | Q208: 1 | R208: 1 | S208: 1 | T208: 1 | U208: 1 | V208: 1 | W208: 1 | AK208: =SUM(G208:AJ208) -> 14 | AL208: 32000 | AM208: =AL208*AK208 -> 448000
A209: H1 | B209: 10 | C209: LABRIN | D209: TORRES | E209: RUBEN | F209: 19421525-8 | J209: 1 | K209: 1 | L209: 1 | M209: 1 | N209: 1 | O209: 1 | P209: 1 | Q209: 1 | R209: 1 | S209: 1 | T209: 1 | U209: 1 | V209: 1 | W209: 1 | AK209: =SUM(G209:AJ209) -> 14 | AL209: 32000 | AM209: =AL209*AK209 -> 448000
A210: H1 | B210: 11 | C210: ORTEGA | D210: HERMOSILLA | E210: OLIVER | F210: 19000720-0 | J210: 1 | K210: 1 | L210: 1 | M210: 1 | N210: 1 | O210: 1 | P210: 1 | Q210: 1 | R210: 1 | S210: 1 | T210: 1 | U210: 1 | V210: 1 | W210: 1 | AK210: =SUM(G210:AJ210) -> 14 | AL210: 32000 | AM210: =AL210*AK210 -> 448000
A211: H1 | B211: 11 | C211: PIZARRO | D211: KLEIN | E211: LUIS | F211: 12501155-1 | J211: 1 | K211: 1 | L211: 1 | M211: 1 | N211: 1 | O211: 1 | P211: 1 | Q211: 1 | R211: 1 | S211: 1 | T211: 1 | U211: 1 | V211: 1 | W211: 1 | AK211: =SUM(G211:AJ211) -> 14 | AL211: 32000 | AM211: =AL211*AK211 -> 448000
A212: H1 | B212: 13 | C212: DURAN | D212: BRAVO | E212: ARIEL | F212: 19717188-K | J212: 1 | K212: 1 | L212: 1 | M212: 1 | N212: 1 | O212: 1 | P212: 1 | Q212: 1 | R212: 1 | S212: 1 | T212: 1 | U212: 1 | V212: 1 | W212: 1 | AK212: =SUM(G212:AJ212) -> 14 | AL212: 32000 | AM212: =AL212*AK212 -> 448000
A213: H1 | B213: 13 | C213: ALMAZABAL | D213: SAAVEDRA | E213: OMERANDO | F213: 14444202-4 | J213: 1 | K213: 1 | L213: 1 | M213: 1 | N213: 1 | O213: 1 | P213: 1 | Q213: 1 | R213: 1 | S213: 1 | T213: 1 | U213: 1 | V213: 1 | W213: 1 | AK213: =SUM(G213:AJ213) -> 14 | AL213: 32000 | AM213: =AL213*AK213 -> 448000
A214: H1 | B214: 15 | C214: SALINAS | D214: SEPULVEDA | E214: DANIELA | F214: 17885860-2 | J214: 1 | K214: 1 | L214: 1 | M214: 1 | N214: 1 | O214: 1 | P214: 1 | Q214: 1 | R214: 1 | S214: 1 | T214: 1 | U214: 1 | V214: 1 | W214: 1 | AK214: =SUM(G214:AJ214) -> 14 | AL214: 32000 | AM214: =AL214*AK214 -> 448000
A215: H1 | B215: 15 | C215: RIVERA | D215: ARANCIBIA | E215: DANIELA | F215: 18024668-1 | J215: 1 | K215: 1 | L215: 1 | M215: 1 | N215: 1 | O215: 1 | P215: 1 | Q215: 1 | R215: 1 | S215: 1 | T215: 1 | U215: 1 | V215: 1 | W215: 1 | AK215: =SUM(G215:AJ215) -> 14 | AL215: 32000 | AM215: =AL215*AK215 -> 448000
A216: H1 | B216: 16 | C216: LABARCA | D216: CAMPILLAY | E216: CARLOS | F216: 15871161-3 | J216: 1 | K216: 1 | L216: 1 | M216: 1 | N216: 1 | O216: 1 | P216: 1 | Q216: 1 | R216: 1 | S216: 1 | T216: 1 | U216: 1 | V216: 1 | W216: 1 | AK216: =SUM(G216:AJ216) -> 14 | AL216: 32000 | AM216: =AL216*AK216 -> 448000
A217: H1 | B217: 16 | C217: TORRES | D217: NAVARRO | E217: RODOLFO | F217: 16514562-3 | J217: 1 | K217: 1 | L217: 1 | M217: 1 | N217: 1 | O217: 1 | P217: 1 | Q217: 1 | R217: 1 | S217: 1 | T217: 1 | U217: 1 | V217: 1 | W217: 1 | AK217: =SUM(G217:AJ217) -> 14 | AL217: 32000 | AM217: =AL217*AK217 -> 448000
... A229: H1 | B229: 24 | C229: GONZALEZ | D229: MENDEZ | E229: BERNARDO | F229: 9758880-5 | J229: 1 | K229: 1 | L229: 1 | M229: 1 | N229: 1 | O229: 1 | P229: 1 | Q229: 1 | R229: 1 | S229: 1 | T229: 1 | U229: 1 | V229: 1 | W229: 1 | AK229: =SUM(G229:AJ229) -> 14 | AL229: 32000 | AM229: =AL229*AK229 -> 448000
A230: H1 | B230: 26 | C230: NOVOA | D230: RAMIREZ | E230: GERSON | J230: 1 | K230: 1 | L230: 1 | M230: 1 | N230: 1 | O230: 1 | P230: 1 | Q230: 1 | R230: 1 | S230: 1 | T230: 1 | U230: 1 | V230: 1 | W230: 1 | AK230: =SUM(G230:AJ230) -> 14 | AL230: 32000 | AM230: =AL230*AK230 -> 448000
A231: H1 | B231: 26 | C231: NOVOA | D231: RAMIREZ | E231: SERGIO | J231: 1 | K231: 1 | L231: 1 | M231: 1 | N231: 1 | O231: 1 | P231: 1 | Q231: 1 | R231: 1 | S231: 1 | T231: 1 | U231: 1 | V231: 1 | W231: 1 | AK231: =SUM(G231:AJ231) -> 14 | AL231: 32000 | AM231: =AL231*AK231 -> 448000
A232: H1 | B232: 27 | C232: CALFUEQUE | D232: VERA | E232: DAGOBERTO | F232: 15554007-9 | J232: 1 | K232: 1 | L232: 1 | M232: 1 | N232: 1 | O232: 1 | P232: 1 | Q232: 1 | R232: 1 | S232: 1 | T232: 1 | U232: 1 | V232: 1 | W232: 1 | AK232: =SUM(G232:AJ232) -> 14 | AL232: 32000 | AM232: =AL232*AK232 -> 448000
A233: H1 | B233: 27 | C233: CARRASCO | D233: CASTRO | E233: DAGOBERTO | F233: 17975319-7 | J233: 1 | K233: 1 | L233: 1 | M233: 1 | N233: 1 | O233: 1 | P233: 1 | Q233: 1 | R233: 1 | S233: 1 | T233: 1 | U233: 1 | V233: 1 | W233: 1 | AK233: =SUM(G233:AJ233) -> 14 | AL233: 32000 | AM233: =AL233*AK233 -> 448000
A234: H1 | B234: 28 | C234: CARMONA | D234: CASTILLO | E234: BENJAMIN | F234: 20152621-3 | J234: 1 | K234: 1 | L234: 1 | M234: 1 | N234: 1 | O234: 1 | P234: 1 | Q234: 1 | R234: 1 | S234: 1 | T234: 1 | U234: 1 | V234: 1 | W234: 1 | AK234: =SUM(G234:AJ234) -> 14 | AL234: 32000 | AM234: =AL234*AK234 -> 448000
A235: H1 | B235: 28 | C235: VENEGAS | D235: GARCES | E235: HERNAN | F235: 16641048-7 | J235: 1 | K235: 1 | L235: 1 | M235: 1 | N235: 1 | O235: 1 | P235: 1 | Q235: 1 | R235: 1 | S235: 1 | T235: 1 | U235: 1 | V235: 1 | W235: 1 | AK235: =SUM(G235:AJ235) -> 14 | AL235: 32000 | AM235: =AL235*AK235 -> 448000
A236: H1 | B236: 29 | C236: GUERRA | D236: BURGOS | E236: MICHAEL | F236: 18082022-1 | J236: 1 | K236: 1 | L236: 1 | M236: 1 | N236: 1 | O236: 1 | P236: 1 | Q236: 1 | R236: 1 | S236: 1 | T236: 1 | U236: 1 | V236: 1 | W236: 1 | AK236: =SUM(G236:AJ236) -> 14 | AL236: 32000 | AM236: =AL236*AK236 -> 448000
A237: H1 | B237: 29 | C237: INOSTROZA | D237: CEA | E237: EDISON | F237: 11295426-0 | J237: 1 | K237: 1 | L237: 1 | M237: 1 | N237: 1 | O237: 1 | P237: 1 | Q237: 1 | R237: 1 | S237: 1 | T237: 1 | U237: 1 | V237: 1 | W237: 1 | AK237: =SUM(G237:AJ237) -> 14 | AL237: 32000 | AM237: =AL237*AK237 -> 448000
A238: H1 | B238: 30 | C238: REYES | D238: CIFUENTES | E238: MICHAEL | F238: 21959229-9 | J238: 1 | K238: 1 | L238: 1 | M238: 1 | N238: 1 | O238: 1 | P238: 1 | Q238: 1 | R238: 1 | S238: 1 | T238: 1 | U238: 1 | V238: 1 | W238: 1 | AK238: =SUM(G238:AJ238) -> 14 | AL238: 32000 | AM238: =AL238*AK238 -> 448000
A239: H1 | B239: 30 | C239: SALGADO | D239: BREVIS | E239: LUIS | J239: 1 | K239: 1 | L239: 1 | M239: 1 | N239: 1 | O239: 1 | P239: 1 | Q239: 1 | R239: 1 | S239: 1 | T239: 1 | U239: 1 | V239: 1 | W239: 1 | AK239: =SUM(G239:AJ239) -> 14 | AL239: 32000 | AM239: =AL239*AK239 -> 448000
A240: H1 | B240: 33 | C240: SANDOVAL | D240: MALTRAIN | E240: JOSE | F240: 11496095-0 | J240: 1 | K240: 1 | L240: 1 | M240: 1 | N240: 1 | O240: 1 | P240: 1 | Q240: 1 | R240: 1 | S240: 1 | T240: 1 | U240: 1 | V240: 1 | W240: 1 | AK240: =SUM(G240:AJ240) -> 14 | AL240: 32000 | AM240: =AL240*AK240 -> 448000
A241: H1 | B241: 33 | C241: VENEGAS | D241: CARES | E241: CRISTIAN | F241: 12512803-3 | J241: 1 | K241: 1 | L241: 1 | M241: 1 | N241: 1 | O241: 1 | P241: 1 | Q241: 1 | R241: 1 | S241: 1 | T241: 1 | U241: 1 | V241: 1 | W241: 1 | AK241: =SUM(G241:AJ241) -> 14 | AL241: 32000 | AM241: =AL241*AK241 -> 448000
A242: H1 | B242: 34 | C242: NUÑEZ | D242: SEPULVEDA | E242: CRISTOPHER | F242: 15568474-7 | J242: 1 | K242: 1 | L242: 1 | M242: 1 | N242: 1 | O242: 1 | P242: 1 | Q242: 1 | R242: 1 | S242: 1 | T242: 1 | U242: 1 | V242: 1 | W242: 1 | AK242: =SUM(G242:AJ242) -> 14 | AL242: 32000 | AM242: =AL242*AK242 -> 448000
A243: H1 | B243: 34 | C243: ROJAS | D243: RAMIREZ | E243: ROGER | F243: 19780731-8 | J243: 1 | K243: 1 | L243: 1 | M243: 1 | N243: 1 | O243: 1 | P243: 1 | Q243: 1 | R243: 1 | S243: 1 | T243: 1 | U243: 1 | V243: 1 | W243: 1 | AK243: =SUM(G243:AJ243) -> 14 | AL243: 32000 | AM243: =AL243*AK243 -> 448000
...

Sheet H3
A6: CORRELATIVO N°2 | G6: 45809 | H6: 45810 | I6: 45811 | J6: 45812 | K6: 45813 | L6: 45814 | M6: 45815 | N6: 45816 | O6: 45817 | P6: 45818 | Q6: 45819 | R6: 45820 | S6: 45821 | T6: 45822 | U6: 45823 | V6: 45824 | W6: 45825 | X6: 45826 | Y6: 45827 | Z6: 45828 | AA6: 45829 | AB6: 45830 | AC6: 45831 | AD6: 45832 | AE6: 45833 | AF6: 45834 | AG6: 45835 | AH6: 45836 | AI6: 45837 | AJ6: 45838 | AK6: 01 AL 30 DE JUNIO
B9: HAB | C9: APELLIDO PATERNO | D9: APELLIDO MATERNO | E9: NOMBRE | F9: RUT | AK9: D. OCUP | AL9: V. OCUP | AM9: T. OCUP.
A10: H3 | B10: 2 | C10: NUÑEZ | D10: CANCINO | E10: LUIS | F10: 15222340-4 | G10: 1 | H10: 1 | I10: 1 | AK10: =SUM(G10:AJ10) -> 3 | AL10: 32000 | AM10: =AL10*AK10 -> 96000
A11: H3 | B11: 29 | C11: MOLINA | D11: JARPA | E11: GERARDO | F11: 14210107-6 | G11: 1 | H11: 1 | I11: 1 | AK11: =SUM(G11:AJ11) -> 3 | AL11: 32000 | AM11: =AL11*AK11 -> 96000
A12: H3 | B12: 29 | C12: LANDERO | D12: LANDERO | E12: JUAN | F12: 11241778-8 | G12: 1 | H12: 1 | I12: 1 | AK12: =SUM(G12:AJ12) -> 3 | AL12: 32000 | AM12: =AL12*AK12 -> 96000
A13: H3 | B13: 46 | C13: VILLAGRA | D13: GONZALEZ | E13: CHRISTOPHER | F13: 19376474-6 | G13: 1 | H13: 1 | I13: 1 | AK13: =SUM(G13:AJ13) -> 3 | AL13: 32000 | AM13: =AL13*AK13 -> 96000
A14: H3 | B14: 46 | C14: ORTIZ | D14: ORTIZ | E14: FRANCO | F14: 16504476-2 | G14: 1 | H14: 1 | I14: 1 | AK14: =SUM(G14:AJ14) -> 3 | AL14: 32000 | AM14: =AL14*AK14 -> 96000
A15: H3 | B15: 48 | C15: RODRÍGUEZ | D15: MUÑOZ | E15: JOSE | F15: 19908182-9 | G15: 1 | H15: 1 | I15: 1 | AK15: =SUM(G15:AJ15) -> 3 | AL15: 32000 | AM15: =AL15*AK15 -> 96000
A16: H3 | B16: 48 | C16: CANALES | D16: LAGOS | E16: MATIAS | F16: 21830481-8 | G16: 1 | H16: 1 | I16: 1 | AK16: =SUM(G16:AJ16) -> 3 | AL16: 32000 | AM16: =AL16*AK16 -> 96000
A17: H3 | B17: 49 | C17: CONTRERAS | D17: POLANCO | E17: JORGE | F17: 17287619-6 | G17: 1 | H17: 1 | I17: 1 | AK17: =SUM(G17:AJ17) -> 3 | AL17: 32000 | AM17: =AL17*AK17 -> 96000
A18: H3 | B18: 51 | C18: LAGOS | D18: SILVA | E18: FABIAN | F18: 13151852-8 | G18: 1 | H18: 1 | I18: 1 | AK18: =SUM(G18:AJ18) -> 3 | AL18: 32000 | AM18: =AL18*AK18 -> 96000
A19: H3 | B19: 51 | C19: DIAZ | D19: GALLEGOS | E19: MANUEL | F19: 15247087-8 | G19: 1 | H19: 1 | I19: 1 | AK19: =SUM(G19:AJ19) -> 3 | AL19: 32000 | AM19: =AL19*AK19 -> 96000
A20: H3 | B20: 53 | C20: HERNANDEZ | D20: ZAVALA | E20: MICHAEL | F20: 20891578-9 | G20: 1 | H20: 1 | I20: 1 | AK20: =SUM(G20:AJ20) -> 3 | AL20: 32000 | AM20: =AL20*AK20 -> 96000
A21: H3 | B21: 53 | C21: CID | D21: RODRIGUEZ | E21: DAVID | F21: 13957122-3 | G21: 1 | H21: 1 | I21: 1 | AK21: =SUM(G21:AJ21) -> 3 | AL21: 32000 | AM21: =AL21*AK21 -> 96000
A22: H3 | B22: 61 | C22: PARRA | D22: ESPINOZA | E22: MOISES | F22: 11901984-2 | G22: 1 | H22: 1 | I22: 1 | AK22: =SUM(G22:AJ22) -> 3 | AL22: 32000 | AM22: =AL22*AK22 -> 96000
A23: H3 | B23: 1 | C23: ESCOBAR | D23: ARRIAGAA | E23: PATRICIO | F23: 18405090-0 | J23: 1 | K23: 1 | L23: 1 | M23: 1 | N23: 1 | O23: 1 | P23: 1 | Q23: 1 | R23: 1 | S23: 1 | T23: 1 | U23: 1 | V23: 1 | W23: 1 | AK23: =SUM(G23:AJ23) -> 14 | AL23: 32000 | AM23: =AL23*AK23 -> 448000
A24: H3 | B24: 1 | C24: FIGUEROA | D24: MUÑOZ | E24: SERGIO | F24: 11215037-4 | J24: 1 | K24: 1 | L24: 1 | M24: 1 | N24: 1 | O24: 1 | P24: 1 | Q24: 1 | R24: 1 | S24: 1 | T24: 1 | U24: 1 | V24: 1 | W24: 1 | AK24: =SUM(G24:AJ24) -> 14 | AL24: 32000 | AM24: =AL24*AK24 -> 448000
A25: H3 | B25: 2 | C25: NUÑEZ | D25: CANCINO | E25: LUIS | F25: 15222340-4 | J25: 1 | K25: 1 | L25: 1 | M25: 1 | N25: 1 | O25: 1 | P25: 1 | Q25: 1 | R25: 1 | S25: 1 | T25: 1 | U25: 1 | V25: 1 | W25: 1 | AK25: =SUM(G25:AJ25) -> 14 | AL25: 32000 | AM25: =AL25*AK25 -> 448000
A26: H3 | B26: 2 | C26: PARRA | D26: ESPINOZA | E26: MOISES | F26: 11901984-2 | J26: 1 | K26: 1 | L26: 1 | M26: 1 | N26: 1 | O26: 1 | P26: 1 | Q26: 1 | R26: 1 | S26: 1 | T26: 1 | U26: 1 | V26: 1 | W26: 1 | AK26: =SUM(G26:AJ26) -> 14 | AL26: 32000 | AM26: =AL26*AK26 -> 448000
A27: H3 | B27: 16 | C27: CARTES | D27: ARRIAGADA | E27: MARCELO | F27: 19767976-K | J27: 1 | K27: 1 | L27: 1 | M27: 1 | N27: 1 | O27: 1 | P27: 1 | Q27: 1 | R27: 1 | S27: 1 | T27: 1 | U27: 1 | V27: 1 | W27: 1 | AK27: =SUM(G27:AJ27) -> 14 | AL27: 32000 | AM27: =AL27*AK27 -> 448000
A28: H3 | B28: 16 | C28: JARA | D28: ZAPATA | E28: JUAN | F28: 14573834-7 | J28: 1 | K28: 1 | L28: 1 | M28: 1 | N28: 1 | O28: 1 | P28: 1 | Q28: 1 | R28: 1 | S28: 1 | T28: 1 | U28: 1 | V28: 1 | W28: 1 | AK28: =SUM(G28:AJ28) -> 14 | AL28: 32000 | AM28: =AL28*AK28 -> 448000
A29: H3 | B29: 20 | C29: TORRES | D29: BENITEZ | E29: ERIK | F29: 17870662-4 | J29: 1 | K29: 1 | L29: 1 | M29: 1 | N29: 1 | O29: 1 | P29: 1 | Q29: 1 | R29: 1 | S29: 1 | T29: 1 | U29: 1 | V29: 1 | W29: 1 | AK29: =SUM(G29:AJ29) -> 14 | AL29: 32000 | AM29: =AL29*AK29 -> 448000
A30: H3 | B30: 20 | C30: ARENAS | D30: MANRIQUEZ | E30: DANIEL | F30: 11179233-K | J30: 1 | K30: 1 | L30: 1 | M30: 1 | N30: 1 | O30: 1 | P30: 1 | Q30: 1 | R30: 1 | S30: 1 | T30: 1 | U30: 1 | V30: 1 | W30: 1 | AK30: =SUM(G30:AJ30) -> 14 | AL30: 32000 | AM30: =AL30*AK30 -> 448000
A31: H3 | B31: 29 | C31: MOLINA | D31: JARPA | E31: GERARDO | F31: 14210107-6 | J31: 1 | K31: 1 | L31: 1 | M31: 1 | N31: 1 | O31: 1 | P31: 1 | Q31: 1 | R31: 1 | S31: 1 | T31: 1 | U31: 1 | V31: 1 | W31: 1 | AK31: =SUM(G31:AJ31) -> 14 | AL31: 32000 | AM31: =AL31*AK31 -> 448000
A32: H3 | B32: 29 | C32: LANDERO | D32: LANDERO | E32: JUAN | F32: 11241778-8 | J32: 1 | K32: 1 | L32: 1 | M32: 1 | N32: 1 | O32: 1 | P32: 1 | Q32: 1 | R32: 1 | S32: 1 | T32: 1 | U32: 1 | V32: 1 | W32: 1 | AK32: =SUM(G32:AJ32) -> 14 | AL32: 32000 | AM32: =AL32*AK32 -> 448000
A33: H3 | B33: 30 | C33: COFRE | D33: TRONCOSO | E33: PATRICIO | F33: 13155394-3 | J33: 1 | K33: 1 | L33: 1 | M33: 1 | N33: 1 | O33: 1 | P33: 1 | Q33: 1 | R33: 1 | S33: 1 | T33: 1 | U33: 1 | V33: 1 | W33: 1 | AK33: =SUM(G33:AJ33) -> 14 | AL33: 32000 | AM33: =AL33*AK33 -> 448000
A34: H3 | B34: 30 | C34: ANCANAO | D34: RODRIGUEZ | E34: JUAN | F34: 15210383-2 | J34: 1 | K34: 1 | L34: 1 | M34: 1 | N34: 1 | O34: 1 | P34: 1 | Q34: 1 | R34: 1 | S34: 1 | T34: 1 | U34: 1 | V34: 1 | W34: 1 | AK34: =SUM(G34:AJ34) -> 14 | AL34: 32000 | AM34: =AL34*AK34 -> 448000
... A42: H3 | B42: 51 | C42: DÍAZ | D42: GALLEGOS | E42: MANUEL | F42: 15247087-8 | J42: 1 | K42: 1 | L42: 1 | M42: 1 | N42: 1 | O42: 1 | P42: 1 | Q42: 1 | R42: 1 | S42: 1 | T42: 1 | U42: 1 | V42: 1 | W42: 1 | AK42: =SUM(G42:AJ42) -> 14 | AL42: 32000 | AM42: =AL42*AK42 -> 448000
A43: H3 | B43: 53 | C43: TECHELET | E43: PIERRE | F43: 25980292-K | J43: 1 | K43: 1 | L43: 1 | M43: 1 | N43: 1 | O43: 1 | P43: 1 | Q43: 1 | R43: 1 | S43: 1 | T43: 1 | U43: 1 | V43: 1 | W43: 1 | AK43: =SUM(G43:AJ43) -> 14 | AL43: 32000 | AM43: =AL43*AK43 -> 448000
A44: H3 | B44: 53 | C44: ALFARO | D44: ALFARO | E44: BENITO | F44: 16054392-2 | J44: 1 | K44: 1 | L44: 1 | M44: 1 | N44: 1 | O44: 1 | P44: 1 | Q44: 1 | R44: 1 | S44: 1 | T44: 1 | U44: 1 | V44: 1 | W44: 1 | AK44: =SUM(G44:AJ44) -> 14 | AL44: 32000 | AM44: =AL44*AK44 -> 448000
A45: H3 | B45: 73 | C45: FUENTES | D45: CABRERA | E45: JAIME | F45: 14303777-8 | J45: 1 | K45: 1 | L45: 1 | M45: 1 | N45: 1 | O45: 1 | P45: 1 | Q45: 1 | R45: 1 | S45: 1 | T45: 1 | U45: 1 | V45: 1 | W45: 1 | AK45: =SUM(G45:AJ45) -> 14 | AL45: 32000 | AM45: =AL45*AK45 -> 448000
A46: H3 | B46: 77 | C46: MERA | D46: VICENCIO | E46: CARLOS | F46: 22285961-1 | J46: 1 | K46: 1 | L46: 1 | M46: 1 | N46: 1 | O46: 1 | P46: 1 | Q46: 1 | R46: 1 | S46: 1 | T46: 1 | U46: 1 | V46: 1 | W46: 1 | AK46: =SUM(G46:AJ46) -> 14 | AL46: 32000 | AM46: =AL46*AK46 -> 448000
A47: H3 | B47: 77 | C47: VILLAR | D47: ARANDA | E47: MICHAEL | F47: 17905126-5 | J47: 1 | K47: 1 | L47: 1 | M47: 1 | N47: 1 | O47: 1 | P47: 1 | Q47: 1 | R47: 1 | S47: 1 | T47: 1 | U47: 1 | V47: 1 | W47: 1 | AK47: =SUM(G47:AJ47) -> 14 | AL47: 32000 | AM47: =AL47*AK47 -> 448000
A48: H3 | B48: 75 | C48: CORNEJO | D48: OCHOA | E48: RONALD | F48: 13507456-K | W48: 1 | AK48: =SUM(G48:AJ48) -> 1 | AL48: 32000 | AM48: =AL48*AK48 -> 32000 | AN48: 8x6
A49: H3 | B49: 75 | C49: DUARTE | D49: GOMEZ | E49: JORGE | F49: 9635487-8 | W49: 1 | AK49: =SUM(G49:AJ49) -> 1 | AL49: 32000 | AM49: =AL49*AK49 -> 32000 | AN49: 8x6
A50: H3 | B50: 76 | C50: BARRIENTOS | D50: URQUIZA | E50: ROCIO | F50: 19907354-0 | W50: 1 | AK50: =SUM(G50:AJ50) -> 1 | AL50: 32000 | AM50: =AL50*AK50 -> 32000 | AN50: 8x6
A51: H3 | B51: 76 | C51: VALENZUELA | D51: BUSTOS | E51: VICTORIA | F51: 19120001-2 | W51: 1 | AK51: =SUM(G51:AJ51) -> 1 | AL51: 32000 | AM51: =AL51*AK51 -> 32000 | AN51: 8x6
A52: H3 | B52: 79 | C52: PEREZ | E52: MARIA F | F52: 18785701-5 | W52: 1 | AK52: =SUM(G52:AJ52) -> 1 | AL52: 32000 | AM52: =AL52*AK52 -> 32000 | AN52: 8x6
A53: H3 | B53: 82 | C53: AGUILERA | E53: JORGE | F53: 19797369-2 | W53: 1 | AK53: =SUM(G53:AJ53) -> 1 | AL53: 32000 | AM53: =AL53*AK53 -> 32000 | AN53: 8x6
A54: H3 | B54: 82 | C54: AZOCAR | D54: CORNEJO | E54: NICOLAS | F54: 19114498-8 | W54: 1 | AK54: =SUM(G54:AJ54) -> 1 | AL54: 32000 | AM54: =AL54*AK54 -> 32000 | AN54: 8x6
A55: H3 | B55: 88 | C55: ARCHILES | E55: FELIX | F55: 17137111-2 | W55: 1 | AK55: =SUM(G55:AJ55) -> 1 | AL55: 32000 | AM55: =AL55*AK55 -> 32000 | AN55: 8x6
A56: H3 | B56: 88 | C56: BERNARD | E56: FERNANDO | F56: 17137085-K | W56: 1 | AK56: =SUM(G56:AJ56) -> 1 | AL56: 32000 | AM56: =AL56*AK56 -> 32000 | AN56: 8x6
A57: H3 | B57: 79 | C57: CERECEDA | E57: SOLANGE | F57: 17172403-1 | W57: 1 | AK57: =SUM(G57:AJ57) -> 1 | AL57: 32000 | AM57: =AL57*AK57 -> 32000 | AN57: 8x6
A58: H3 | B58: 89 | C58: TENORIO | E58: JOSE | F58: 19365127-5 | W58: 1 | AK58: =SUM(G58:AJ58) -> 1 | AL58: 32000 | AM58: =AL58*AK58 -> 32000 | AN58: 8x6
A59: H3 | B59: 89 | C59: CARRASCO | E59: FELIPE | F59: 16690731-4 | W59: 1 | AK59: =SUM(G59:AJ59) -> 1 | AL59: 32000 | AM59: =AL59*AK59 -> 32000 | AN59: 8x6
A60: H3 | B60: 90 | C60: ZARATE | E60: FABIAN | F60: 18150201-0 | W60: 1 | AK60: =SUM(G60:AJ60) -> 1 | AL60: 32000 | AM60: =AL60*AK60 -> 32000 | AN60: 8x6
A61: H3 | B61: 90 | C61: SEPULVEDA | E61: GONZALO | F61: 18408247-0 | W61: 1 | AK61: =SUM(G61:AJ61) -> 1 | AL61: 32000 | AM61: =AL61*AK61 -> 32000 | AN61: 8x6
A62: H3 | B62: 1 | C62: DIAZ | D62: PUGA | E62: GUILLERMO | F62: 12789118-4 | X62: 1 | Y62: 1 | Z62: 1 | AA62: 1 | AB62: 1 | AC62: 1 | AD62: 1 | AE62: 1 | AF62: 1 | AG62: 1 | AH62: 1 | AI62: 1 | AJ62: 1 | AK62: =SUM(G62:AJ62) -> 13 | AL62: 32000 | AM62: =AL62*AK62 -> 416000
A63: H3 | B63: 1 | C63: TAPIA | D63: PAZ | E63: JUAN | F63: 12963938-5 | X63: 1 | Y63: 1 | Z63: 1 | AA63: 1 | AB63: 1 | AC63: 1 | AD63: 1 | AE63: 1 | AF63: 1 | AG63: 1 | AH63: 1 | AI63: 1 | AJ63: 1 | AK63: =SUM(G63:AJ63) -> 13 | AL63: 32000 | AM63: =AL63*AK63 -> 416000
A64: H3 | B64: 2 | C64: FIGUEROA | D64: QUEZADA | E64: CARLOS | F64: 9299666-2 | X64: 1 | Y64: 1 | Z64: 1 | AA64: 1 | AB64: 1 | AC64: 1 | AD64: 1 | AE64: 1 | AF64: 1 | AG64: 1 | AH64: 1 | AI64: 1 | AJ64: 1 | AK64: =SUM(G64:AJ64) -> 13 | AL64: 32000 | AM64: =AL64*AK64 -> 416000
A65: H3 | B65: 2 | C65: PARRA | D65: PUGA | E65: JORGE | F65: 15569834-9 | X65: 1 | Y65: 1 | Z65: 1 | AA65: 1 | AB65: 1 | AC65: 1 | AD65: 1 | AE65: 1 | AF65: 1 | AG65: 1 | AH65: 1 | AI65: 1 | AJ65: 1 | AK65: =SUM(G65:AJ65) -> 13 | AL65: 32000 | AM65: =AL65*AK65 -> 416000
A66: H3 | B66: 11 | C66: JARA | D66: FUENTES | E66: RICARDO | F66: 15188863-1 | X66: 1 | Y66: 1 | Z66: 1 | AA66: 1 | AB66: 1 | AC66: 1 | AD66: 1 | AE66: 1 | AF66: 1 | AG66: 1 | AH66: 1 | AI66: 1 | AJ66: 1 | AK66: =SUM(G66:AJ66) -> 13 | AL66: 32000 | AM66: =AL66*AK66 -> 416000
A67: H3 | B67: 11 | C67: CONTRERAS | D67: POLANCO | E67: JORGE | F67: 17287619-6 | X67: 1 | Y67: 1 | Z67: 1 | AA67: 1 | AB67: 1 | AC67: 1 | AD67: 1 | AE67: 1 | AF67: 1 | AG67: 1 | AH67: 1 | AI67: 1 | AJ67: 1 | AK67: =SUM(G67:AJ67) -> 13 | AL67: 32000 | AM67: =AL67*AK67 -> 416000
A68: H3 | B68: 12 | C68: PARRA | D68: SAEZ | E68: VICTOR | F68: 12924143-8 | X68: 1 | Y68: 1 | Z68: 1 | AA68: 1 | AB68: 1 | AC68: 1 | AD68: 1 | AE68: 1 | AF68: 1 | AG68: 1 | AH68: 1 | AI68: 1 | AJ68: 1 | AK68: =SUM(G68:AJ68) -> 13 | AL68: 32000 | AM68: =AL68*AK68 -> 416000
A69: H3 | B69: 12 | C69: DAZA | D69: CASTILLO | E69: CARLOS | F69: 13725970-2 | X69: 1 | Y69: 1 | Z69: 1 | AA69: 1 | AB69: 1 | AC69: 1 | AD69: 1 | AE69: 1 | AF69: 1 | AG69: 1 | AH69: 1 | AI69: 1 | AJ69: 1 | AK69: =SUM(G69:AJ69) -> 13 | AL69: 32000 | AM69: =AL69*AK69 -> 416000
A70: H3 | B70: 13 | C70: AGUAYO | D70: RODRIGUEZ | E70: JAIME | F70: 10073590-3 | X70: 1 | Y70: 1 | Z70: 1 | AA70: 1 | AB70: 1 | AC70: 1 | AD70: 1 | AE70: 1 | AF70: 1 | AG70: 1 | AH70: 1 | AI70: 1 | AJ70: 1 | AK70: =SUM(G70:AJ70) -> 13 | AL70: 32000 | AM70: =AL70*AK70 -> 416000
A71: H3 | B71: 13 | C71: AGUILERA | D71: BRAVO | E71: MARIO | F71: 16765205-0 | X71: 1 | Y71: 1 | Z71: 1 | AA71: 1 | AB71: 1 | AC71: 1 | AD71: 1 | AE71: 1 | AF71: 1 | AG71: 1 | AH71: 1 | AI71: 1 | AJ71: 1 | AK71: =SUM(G71:AJ71) -> 13 | AL71: 32000 | AM71: =AL71*AK71 -> 416000
A72: H3 | B72: 15 | C72: JARA | D72: VASQUEZ | E72: RODOLFO | F72: 20611553-K | X72: 1 | Y72: 1 | Z72: 1 | AA72: 1 | AB72: 1 | AC72: 1 | AD72: 1 | AE72: 1 | AF72: 1 | AG72: 1 | AH72: 1 | AI72: 1 | AJ72: 1 | AK72: =SUM(G72:AJ72) -> 13 | AL72: 32000 | AM72: =AL72*AK72 -> 416000
A73: H3 | B73: 15 | C73: LANAS | D73: VALDENEGRO | E73: CRISTIAN | F73: 18037466-3 | X73: 1 | Y73: 1 | Z73: 1 | AA73: 1 | AB73: 1 | AC73: 1 | AD73: 1 | AE73: 1 | AF73: 1 | AG73: 1 | AH73: 1 | AI73: 1 | AJ73: 1 | AK73: =SUM(G73:AJ73) -> 13 | AL73: 32000 | AM73: =AL73*AK73 -> 416000
... A91: H3 | B91: 32 | C91: AYALA | D91: MIRANDA | E91: HUMBERTO | F91: 8849655-8 | X91: 1 | Y91: 1 | Z91: 1 | AA91: 1 | AB91: 1 | AC91: 1 | AD91: 1 | AE91: 1 | AF91: 1 | AG91: 1 | AH91: 1 | AI91: 1 | AJ91: 1 | AK91: =SUM(G91:AJ91) -> 13 | AL91: 48000 | AM91: =AL91*AK91 -> 624000
A92: H3 | B92: 78 | C92: PINOCHET | D92: RETAMAL | E92: CONSUELO | F92: 17904147-2 | AD92: 1 | AK92: =SUM(G92:AJ92) -> 1 | AL92: 32000 | AM92: =AL92*AK92 -> 32000 | AN92: 8x6
A93: H3 | B93: 78 | C93: SANDOVAL | D93: ARCE | E93: GISELA | F93: 19120950-8 | AD93: 1 | AK93: =SUM(G93:AJ93) -> 1 | AL93: 32000 | AM93: =AL93*AK93 -> 32000 | AN93: 8x6
A94: H3 | B94: 6 | C94: CUETO | D94: PEZOA | E94: SUSANA | F94: 13225829-5 | AD94: 1 | AK94: =SUM(G94:AJ94) -> 1 | AL94: 32000 | AM94: =AL94*AK94 -> 32000 | AN94: 8x6
A95: H3 | B95: 6 | C95: COVARRUBIAS | D95: PAVEZ | E95: JAVIERA | F95: 17353868-5 | AD95: 1 | AK95: =SUM(G95:AJ95) -> 1 | AL95: 32000 | AM95: =AL95*AK95 -> 32000 | AN95: 8x6
A96: H3 | B96: 79 | C96: CARRASCO | D96: AVILA | E96: CYNTHIA | F96: 19278457-3 | AD96: 1 | AK96: =SUM(G96:AJ96) -> 1 | AL96: 32000 | AM96: =AL96*AK96 -> 32000 | AN96: 8x6
A97: H3 | B97: 79 | C97: RIVERA | D97: ARANCIBIA | E97: DANIELA | F97: 18024668-1 | AD97: 1 | AK97: =SUM(G97:AJ97) -> 1 | AL97: 32000 | AM97: =AL97*AK97 -> 32000 | AN97: 8x6
G99: =SUM(G10:G98) -> 13 | H99: =SUM(H10:H98) -> 13 | I99: =SUM(I10:I98) -> 13 | J99: =SUM(J10:J98) -> 25 | K99: =SUM(K10:K98) -> 25 | L99: =SUM(L10:L98) -> 25 | M99: =SUM(M10:M98) -> 25 | N99: =SUM(N10:N98) -> 25 | ... AK99: =SUM(AK10:AK98) -> 799
AL101: TOTAL | AM101: =SUM(AM10:AM100) -> 25776000
A103: CORRELATIVO N°2 | G103: 45809 | H103: 45810 | I103: 45811 | J103: 45812 | K103: 45813 | L103: 45814 | M103: 45815 | N103: 45816 | O103: 45817 | P103: 45818 | Q103: 45819 | R103: 45820 | S103: 45821 | T103: 45822 | U103: 45823 | V103: 45824 | W103: 45825 | X103: 45826 | Y103: 45827 | Z103: 45828 | AA103: 45829 | AB103: 45830 | AC103: 45831 | AD103: 45832 | AE103: 45833 | AF103: 45834 | AG103: 45835 | AH103: 45836 | AI103: 45837 | AJ103: 45838 | AK103: 01 AL 30 DE JUNIO
A106: ALMUERZOS | AK106: D. OCUP | AL106: V. OCUP | AM106: T. OCUP.
A107: 1 | B107: ALMUERZOS | Z107: 4 | AA107: 5 | AB107: 4 | AK107: =SUM(G107:AJ107) -> 13 | AL107: 8500 | AM107: =AL107*AK107 -> 110500
AL109: ALOJAMIENTO | AM109: =AM101 -> 25776000
AL110: ALMUERZOS | AM110: =AM107 -> 110500

Sheet H7
A6: CORRELATIVO N°2 | G6: 45809 | H6: 45810 | I6: 45811 | J6: 45812 | K6: 45813 | L6: 45814 | M6: 45815 | N6: 45816 | O6: 45817 | P6: 45818 | Q6: 45819 | R6: 45820 | S6: 45821 | T6: 45822 | U6: 45823 | V6: 45824 | W6: 45825 | X6: 45826 | Y6: 45827 | Z6: 45828 | AA6: 45829 | AB6: 45830 | AC6: 45831 | AD6: 45832 | AE6: 45833 | AF6: 45834 | AG6: 45835 | AH6: 45836 | AI6: 45837 | AJ6: 45838 | AK6: 01 AL 30 DE JUNIO
B9: HAB | C9: APELLIDO PATERNO | D9: APELLIDO MATERNO | E9: NOMBRE | F9: RUT | AK9: D. OCUP | AL9: V. OCUP | AM9: T. OCUP.
A10: H7 | B10: 4 | C10: HUACCHA | D10: LLANOS | E10: PATRICIO | F10: 9739792 | K10: 1 | L10: 1 | M10: 1 | N10: 1 | O10: 1 | P10: 1 | Q10: 1 | R10: 1 | S10: 1 | T10: 1 | U10: 1 | V10: 1 | W10: 1 | AK10: =SUM(G10:AJ10) -> 13 | AL10: 32000 | AM10: =AL10*AK10 -> 416000
A11: H7 | B11: 4 | C11: ZAMBRANO | D11: QUISPE | E11: HERMINIO | F11: 45359428 | K11: 1 | L11: 1 | M11: 1 | N11: 1 | O11: 1 | P11: 1 | Q11: 1 | R11: 1 | S11: 1 | T11: 1 | U11: 1 | V11: 1 | W11: 1 | AK11: =SUM(G11:AJ11) -> 13 | AL11: 32000 | AM11: =AL11*AK11 -> 416000
A12: H7 | B12: 9 | C12: RAMOS | D12: JANAMPA | E12: RONY | F12: 44246612 | K12: 1 | L12: 1 | M12: 1 | N12: 1 | O12: 1 | P12: 1 | Q12: 1 | R12: 1 | S12: 1 | T12: 1 | U12: 1 | V12: 1 | W12: 1 | X12: 1 | AK12: =SUM(G12:AJ12) -> 14 | AL12: 32000 | AM12: =AL12*AK12 -> 448000
A13: H7 | B13: 9 | C13: RODRIGUEZ | D13: VARAS | E13: REYNER | F13: 46185887 | K13: 1 | L13: 1 | M13: 1 | N13: 1 | O13: 1 | P13: 1 | Q13: 1 | R13: 1 | S13: 1 | T13: 1 | U13: 1 | V13: 1 | W13: 1 | X13: 1 | AK13: =SUM(G13:AJ13) -> 14 | AL13: 32000 | AM13: =AL13*AK13 -> 448000
A14: H7 | B14: 11 | C14: DE LA CRUZ | D14: PAYTAN | E14: VICTOR | F14: 23269394 | K14: 1 | L14: 1 | M14: 1 | N14: 1 | O14: 1 | P14: 1 | Q14: 1 | R14: 1 | S14: 1 | T14: 1 | U14: 1 | V14: 1 | W14: 1 | X14: 1 | AK14: =SUM(G14:AJ14) -> 14 | AL14: 32000 | AM14: =AL14*AK14 -> 448000
A15: H7 | B15: 11 | C15: VARGAS | D15: PADILLA | E15: FELIX | F15: 31934043 | K15: 1 | L15: 1 | M15: 1 | N15: 1 | O15: 1 | P15: 1 | Q15: 1 | R15: 1 | S15: 1 | T15: 1 | U15: 1 | V15: 1 | W15: 1 | X15: 1 | AK15: =SUM(G15:AJ15) -> 14 | AL15: 32000 | AM15: =AL15*AK15 -> 448000
A16: H7 | B16: 13 | C16: HUAYRA | D16: QUISPE | E16: FIDEL | F16: 40707275 | K16: 1 | L16: 1 | M16: 1 | N16: 1 | O16: 1 | P16: 1 | Q16: 1 | R16: 1 | S16: 1 | T16: 1 | U16: 1 | V16: 1 | W16: 1 | AK16: =SUM(G16:AJ16) -> 13 | AL16: 32000 | AM16: =AL16*AK16 -> 416000
A17: H7 | B17: 13 | C17: SANCHEZ | D17: SATALAYA | E17: GENIX | F17: 46081253 | K17: 1 | L17: 1 | M17: 1 | N17: 1 | O17: 1 | P17: 1 | Q17: 1 | R17: 1 | S17: 1 | T17: 1 | U17: 1 | V17: 1 | W17: 1 | AK17: =SUM(G17:AJ17) -> 13 | AL17: 32000 | AM17: =AL17*AK17 -> 416000
A18: H7 | B18: 14 | C18: BERMEJO | D18: LEYTON | E18: JOSE | F18: 40769939 | K18: 1 | L18: 1 | M18: 1 | N18: 1 | O18: 1 | P18: 1 | Q18: 1 | R18: 1 | S18: 1 | T18: 1 | U18: 1 | V18: 1 | W18: 1 | X18: 1 | AK18: =SUM(G18:AJ18) -> 14 | AL18: 32000 | AM18: =AL18*AK18 -> 448000
A19: H7 | B19: 15 | C19: YACTAYO | D19: VERGARAY | E19: JAIME | F19: 80088096 | K19: 1 | L19: 1 | M19: 1 | N19: 1 | O19: 1 | P19: 1 | Q19: 1 | R19: 1 | S19: 1 | T19: 1 | U19: 1 | V19: 1 | W19: 1 | AK19: =SUM(G19:AJ19) -> 13 | AL19: 32000 | AM19: =AL19*AK19 -> 416000
A20: H7 | B20: 15 | C20: INOSTROZA | D20: ARAUJO | E20: JOSE | F20: 444719257 | K20: 1 | L20: 1 | M20: 1 | N20: 1 | O20: 1 | P20: 1 | Q20: 1 | R20: 1 | S20: 1 | T20: 1 | U20: 1 | V20: 1 | W20: 1 | AK20: =SUM(G20:AJ20) -> 13 | AL20: 32000 | AM20: =AL20*AK20 -> 416000
A21: H7 | B21: 16 | C21: MAMANI | D21: AREVALO | E21: JESUS | F21: 44181783 | K21: 1 | L21: 1 | M21: 1 | N21: 1 | O21: 1 | P21: 1 | Q21: 1 | R21: 1 | S21: 1 | T21: 1 | U21: 1 | V21: 1 | W21: 1 | AK21: =SUM(G21:AJ21) -> 13 | AL21: 32000 | AM21: =AL21*AK21 -> 416000
A22: H7 | B22: 16 | C22: TORRE | D22: VALENZUELA | E22: LIDO | F22: 9771848 | K22: 1 | L22: 1 | M22: 1 | N22: 1 | O22: 1 | P22: 1 | Q22: 1 | R22: 1 | S22: 1 | T22: 1 | U22: 1 | V22: 1 | W22: 1 | AK22: =SUM(G22:AJ22) -> 13 | AL22: 32000 | AM22: =AL22*AK22 -> 416000
A23: H7 | B23: 18 | C23: CABRERA | D23: ALARCON | E23: ULICES | F23: 48343664 | K23: 1 | L23: 1 | M23: 1 | N23: 1 | O23: 1 | P23: 1 | Q23: 1 | R23: 1 | S23: 1 | T23: 1 | U23: 1 | V23: 1 | W23: 1 | AK23: =SUM(G23:AJ23) -> 13 | AL23: 32000 | AM23: =AL23*AK23 -> 416000
A24: H7 | B24: 18 | C24: GARCIA | D24: SAAVEDRA | E24: AMERICO | F24: 45198592 | K24: 1 | L24: 1 | M24: 1 | N24: 1 | O24: 1 | P24: 1 | Q24: 1 | R24: 1 | S24: 1 | T24: 1 | U24: 1 | V24: 1 | W24: 1 | AK24: =SUM(G24:AJ24) -> 13 | AL24: 32000 | AM24: =AL24*AK24 -> 416000
A25: H7 | B25: 18 | C25: UQUICHE | D25: FLORES | E25: LUIS | F25: 10523472 | K25: 1 | L25: 1 | M25: 1 | N25: 1 | O25: 1 | P25: 1 | Q25: 1 | R25: 1 | S25: 1 | T25: 1 | U25: 1 | V25: 1 | W25: 1 | X25: 1 | AK25: =SUM(G25:AJ25) -> 14 | AL25: 32000 | AM25: =AL25*AK25 -> 448000
A26: H7 | B26: 19 | C26: HUAMACTO | D26: VIVANCO | E26: ALDO | F26: 41104021 | K26: 1 | L26: 1 | M26: 1 | N26: 1 | O26: 1 | P26: 1 | Q26: 1 | R26: 1 | S26: 1 | T26: 1 | U26: 1 | V26: 1 | W26: 1 | AK26: =SUM(G26:AJ26) -> 13 | AL26: 32000 | AM26: =AL26*AK26 -> 416000
A27: H7 | B27: 19 | C27: PIO | D27: MICHUY | E27: LADISLAO | F27: 336555392 | K27: 1 | L27: 1 | M27: 1 | N27: 1 | O27: 1 | P27: 1 | Q27: 1 | R27: 1 | S27: 1 | T27: 1 | U27: 1 | V27: 1 | W27: 1 | AK27: =SUM(G27:AJ27) -> 13 | AL27: 32000 | AM27: =AL27*AK27 -> 416000
A28: H7 | B28: 20 | C28: CIRIACO | D28: PASCUAL | E28: EDSON | F28: 10756831 | K28: 1 | L28: 1 | M28: 1 | N28: 1 | O28: 1 | P28: 1 | Q28: 1 | R28: 1 | S28: 1 | T28: 1 | U28: 1 | V28: 1 | W28: 1 | AK28: =SUM(G28:AJ28) -> 13 | AL28: 32000 | AM28: =AL28*AK28 -> 416000
A29: H7 | B29: 20 | C29: GONZALES | D29: PALOMINO | E29: LUIS | F29: 44495014 | K29: 1 | L29: 1 | M29: 1 | N29: 1 | O29: 1 | P29: 1 | Q29: 1 | R29: 1 | S29: 1 | T29: 1 | U29: 1 | V29: 1 | W29: 1 | AK29: =SUM(G29:AJ29) -> 13 | AL29: 32000 | AM29: =AL29*AK29 -> 416000
A30: H7 | B30: 21 | C30: MAURICIO | D30: VELASQUEZ | E30: HELBER | F30: 3684789 | K30: 1 | L30: 1 | M30: 1 | N30: 1 | O30: 1 | P30: 1 | Q30: 1 | R30: 1 | S30: 1 | T30: 1 | U30: 1 | V30: 1 | W30: 1 | AK30: =SUM(G30:AJ30) -> 13 | AL30: 32000 | AM30: =AL30*AK30 -> 416000
A31: H7 | B31: 21 | C31: TUESTA | D31: DANTAS | E31: RAUL | F31: 10280884 | K31: 1 | L31: 1 | M31: 1 | N31: 1 | O31: 1 | P31: 1 | Q31: 1 | R31: 1 | S31: 1 | T31: 1 | U31: 1 | V31: 1 | W31: 1 | AK31: =SUM(G31:AJ31) -> 13 | AL31: 32000 | AM31: =AL31*AK31 -> 416000
A32: H7 | B32: 24 | C32: BEJAR | D32: QUISPE | E32: CARLOS | F32: 43811755 | K32: 1 | L32: 1 | M32: 1 | N32: 1 | O32: 1 | P32: 1 | Q32: 1 | R32: 1 | S32: 1 | T32: 1 | U32: 1 | V32: 1 | W32: 1 | X32: 1 | AK32: =SUM(G32:AJ32) -> 14 | AL32: 32000 | AM32: =AL32*AK32 -> 448000
A33: H7 | B33: 24 | C33: OTERO | D33: ELLEN | E33: EVER | F33: 41340550 | K33: 1 | L33: 1 | M33: 1 | N33: 1 | O33: 1 | P33: 1 | Q33: 1 | R33: 1 | S33: 1 | T33: 1 | U33: 1 | V33: 1 | W33: 1 | X33: 1 | AK33: =SUM(G33:AJ33) -> 14 | AL33: 32000 | AM33: =AL33*AK33 -> 448000
A34: H7 | B34: 25 | C34: MONTALVO | D34: JIMENEZ | E34: ERICK | F34: 42606296 | K34: 1 | L34: 1 | M34: 1 | N34: 1 | O34: 1 | P34: 1 | Q34: 1 | R34: 1 | S34: 1 | T34: 1 | U34: 1 | V34: 1 | W34: 1 | X34: 1 | AK34: =SUM(G34:AJ34) -> 14 | AL34: 32000 | AM34: =AL34*AK34 -> 448000
A35: H7 | B35: 25 | C35: PANDURO | D35: DIAZ | E35: BILLY | F35: 48311078 | K35: 1 | L35: 1 | M35: 1 | N35: 1 | O35: 1 | P35: 1 | Q35: 1 | R35: 1 | S35: 1 | T35: 1 | U35: 1 | V35: 1 | W35: 1 | X35: 1 | AK35: =SUM(G35:AJ35) -> 14 | AL35: 32000 | AM35: =AL35*AK35 -> 448000
A36: H7 | B36: 26 | C36: GUTIERREZ | D36: PAYE | E36: ELIAS | F36: 336557895 | K36: 1 | L36: 1 | M36: 1 | N36: 1 | O36: 1 | P36: 1 | Q36: 1 | R36: 1 | S36: 1 | T36: 1 | U36: 1 | V36: 1 | W36: 1 | AK36: =SUM(G36:AJ36) -> 13 | AL36: 32000 | AM36: =AL36*AK36 -> 416000
A37: H7 | B37: 26 | C37: SANCHEZ | D37: HANCCO | E37: WILSON | F37: 444849118 | K37: 1 | L37: 1 | M37: 1 | N37: 1 | O37: 1 | P37: 1 | Q37: 1 | R37: 1 | S37: 1 | T37: 1 | U37: 1 | V37: 1 | W37: 1 | AK37: =SUM(G37:AJ37) -> 13 | AL37: 32000 | AM37: =AL37*AK37 -> 416000
A38: H7 | B38: 27 | C38: MACHICADO | D38: MAMANI | E38: JONY | F38: 336557623 | K38: 1 | L38: 1 | M38: 1 | N38: 1 | O38: 1 | P38: 1 | Q38: 1 | R38: 1 | S38: 1 | T38: 1 | U38: 1 | V38: 1 | W38: 1 | AK38: =SUM(G38:AJ38) -> 13 | AL38: 32000 | AM38: =AL38*AK38 -> 416000
A39: H7 | B39: 27 | C39: CCACCALA | D39: YOMPOSI | E39: JESUS | F39: 444849967 | K39: 1 | L39: 1 | M39: 1 | N39: 1 | O39: 1 | P39: 1 | Q39: 1 | R39: 1 | S39: 1 | T39: 1 | U39: 1 | V39: 1 | W39: 1 | AK39: =SUM(G39:AJ39) -> 13 | AL39: 32000 | AM39: =AL39*AK39 -> 416000
A40: H7 | B40: 28 | C40: BALDEON | D40: PEÑA | E40: CLEMENTE | F40: 43530762 | K40: 1 | L40: 1 | M40: 1 | N40: 1 | O40: 1 | P40: 1 | Q40: 1 | R40: 1 | S40: 1 | T40: 1 | U40: 1 | V40: 1 | W40: 1 | X40: 1 | AK40: =SUM(G40:AJ40) -> 14 | AL40: 32000 | AM40: =AL40*AK40 -> 448000
A41: H7 | B41: 28 | C41: CAYLLAHUA | D41: ANGELINO | E41: HUGO | F41: 15427557 | K41: 1 | L41: 1 | M41: 1 | N41: 1 | O41: 1 | P41: 1 | Q41: 1 | R41: 1 | S41: 1 | T41: 1 | U41: 1 | V41: 1 | W41: 1 | X41: 1 | AK41: =SUM(G41:AJ41) -> 14 | AL41: 32000 | AM41: =AL41*AK41 -> 448000
A42: H7 | B42: 28 | C42: HUAMAN | D42: PAUCAR | E42: JUVELIO | F42: 23258255 | K42: 1 | L42: 1 | M42: 1 | N42: 1 | O42: 1 | P42: 1 | Q42: 1 | R42: 1 | S42: 1 | T42: 1 | U42: 1 | V42: 1 | W42: 1 | X42: 1 | AK42: =SUM(G42:AJ42) -> 14 | AL42: 32000 | AM42: =AL42*AK42 -> 448000
A43: H7 | B43: 29 | C43: DIAZ | D43: CALLE | E43: ODAR | F43: 44790108 | K43: 1 | L43: 1 | M43: 1 | N43: 1 | O43: 1 | P43: 1 | Q43: 1 | R43: 1 | S43: 1 | T43: 1 | U43: 1 | V43: 1 | W43: 1 | X43: 1 | AK43: =SUM(G43:AJ43) -> 14 | AL43: 32000 | AM43: =AL43*AK43 -> 448000
A44: H7 | B44: 29 | C44: VILLAR | D44: FLORES | E44: EDGAR | F44: 9311864 | K44: 1 | L44: 1 | M44: 1 | N44: 1 | O44: 1 | P44: 1 | Q44: 1 | R44: 1 | S44: 1 | T44: 1 | U44: 1 | V44: 1 | W44: 1 | X44: 1 | AK44: =SUM(G44:AJ44) -> 14 | AL44: 32000 | AM44: =AL44*AK44 -> 448000
A45: H7 | B45: 30 | C45: CHURATA | D45: CHUQUIJA | E45: ELISEO | F45: 10646296 | K45: 1 | L45: 1 | M45: 1 | N45: 1 | O45: 1 | P45: 1 | Q45: 1 | R45: 1 | S45: 1 | T45: 1 | U45: 1 | V45: 1 | W45: 1 | X45: 1 | AK45: =SUM(G45:AJ45) -> 14 | AL45: 32000 | AM45: =AL45*AK45 -> 448000
A46: H7 | B46: 30 | C46: MATO | D46: FLORES | E46: ISAAC | F46: 42293469 | K46: 1 | L46: 1 | M46: 1 | N46: 1 | O46: 1 | P46: 1 | Q46: 1 | R46: 1 | S46: 1 | T46: 1 | U46: 1 | V46: 1 | W46: 1 | X46: 1 | AK46: =SUM(G46:AJ46) -> 14 | AL46: 32000 | AM46: =AL46*AK46 -> 448000
G48: =SUM(G10:G47) -> 0 | H48: =SUM(H10:H47) -> 0 | I48: =SUM(I10:I47) -> 0 | J48: =SUM(J10:J47) -> 0 | K48: =SUM(K10:K47) -> 37 | L48: =SUM(L10:L47) -> 37 | M48: =SUM(M10:M47) -> 37 | N48: =SUM(N10:N47) -> 37 | ... AK48: =SUM(AK10:AK47) -> 498
AL50: TOTAL | AM50: =SUM(AM10:AM49) -> 15936000
A52: CORRELATIVO N°2 | G52: 45809 | H52: 45810 | I52: 45811 | J52: 45812 | K52: 45813 | L52: 45814 | M52: 45815 | N52: 45816 | O52: 45817 | P52: 45818 | Q52: 45819 | R52: 45820 | S52: 45821 | T52: 45822 | U52: 45823 | V52: 45824 | W52: 45825 | X52: 45826 | Y52: 45827 | Z52: 45828 | AA52: 45829 | AB52: 45830 | AC52: 45831 | AD52: 45832 | AE52: 45833 | AF52: 45834 | AG52: 45835 | AH52: 45836 | AI52: 45837 | AJ52: 45838 | AK52: 01 AL 30 DE JUNIO
A55: ALMUERZOS | AK55: D. OCUP | AL55: V. OCUP | AM55: T. OCUP.
A56: 1 | B56: ALMUERZOS | K56: 35 | L56: 10 | M56: 9 | N56: 5 | O56: 5 | P56: 17 | Q56: 20 | R56: 14 | S56: 17 | T56: 14 | U56: 19 | V56: 19 | W56: 18 | X56: 10 | Y56: 14 | AK56: =SUM(G56:AJ56) -> 226 | AL56: 8500 | AM56: =AL56*AK56 -> 1921000
AL58: ALOJAMIENTO | AM58: =AM50 -> 15936000
AL59: ALMUERZOS | AM59: =AM56 -> 1921000

Sheet ACONCAGUA
A6: CORRELATIVO N°3 | G6: 45809 | H6: 45810 | I6: 45811 | J6: 45812 | K6: 45813 | L6: 45814 | M6: 45815 | N6: 45816 | O6: 45817 | P6: 45818 | Q6: 45819 | R6: 45820 | S6: 45821 | T6: 45822 | U6: 45823 | V6: 45824 | W6: 45825 | X6: 45826 | Y6: 45827 | Z6: 45828 | AA6: 45829 | AB6: 45830 | AC6: 45831 | AD6: 45832 | AE6: 45833 | AF6: 45834 | AG6: 45835 | AH6: 45836 | AI6: 45837 | AJ6: 45838 | AK6: 01 AL 30 DE JUNIO
B9: HAB | C9: APELLIDO PATERNO | D9: APELLIDO MATERNO | E9: NOMBRE | F9: RUT | AK9: D. OCUP | AL9: V. OCUP | AM9: T. OCUP.
A10: AC | B10: 205 | C10: DÍAZ | E10: VALENTINA | F10: 17764546-K | G10: 1 | H10: 1 | I10: 1 | AK10: =SUM(G10:AJ10) -> 3 | AL10: 33000 | AM10: =AL10*AK10 -> 99000
A11: AC | B11: 205 | C11: CARRASCO | E11: CINTHIA | F11: 19278451-3 | G11: 1 | H11: 1 | I11: 1 | AK11: =SUM(G11:AJ11) -> 3 | AL11: 33000 | AM11: =AL11*AK11 -> 99000
A12: AC | B12: 302 | C12: OLIVARES | E12: GONZALO | F12: 18843149-6 | G12: 1 | H12: 1 | I12: 1 | AK12: =SUM(G12:AJ12) -> 3 | AL12: 33000 | AM12: =AL12*AK12 -> 99000
A13: AC | B13: 302 | C13: SEPULVEDA | E13: FERNANDO | F13: 17319810-8 | G13: 1 | H13: 1 | I13: 1 | AK13: =SUM(G13:AJ13) -> 3 | AL13: 33000 | AM13: =AL13*AK13 -> 99000
A14: AC | B14: 404 | C14: BRUNA | E14: EDUARDO | F14: 16325978-8 | G14: 1 | H14: 1 | I14: 1 | AK14: =SUM(G14:AJ14) -> 3 | AL14: 33000 | AM14: =AL14*AK14 -> 99000
A15: AC | B15: 404 | C15: QUEVEDO | E15: CRISTÓBAL | F15: 19359014-4 | G15: 1 | H15: 1 | I15: 1 | AK15: =SUM(G15:AJ15) -> 3 | AL15: 33000 | AM15: =AL15*AK15 -> 99000
A16: AC | B16: 604 | C16: GALAZ | D16: GONZALEZ | E16: ALEJANDRO | F16: 19527019-8 | G16: 1 | H16: 1 | I16: 1 | AK16: =SUM(G16:AJ16) -> 3 | AL16: 33000 | AM16: =AL16*AK16 -> 99000
A17: AC | B17: 604 | C17: PINTO | E17: CLAUDIO | F17: 13726534-6 | G17: 1 | H17: 1 | I17: 1 | AK17: =SUM(G17:AJ17) -> 3 | AL17: 33000 | AM17: =AL17*AK17 -> 99000
A18: AC | B18: 903 | C18: CUETO | E18: SUSANA | F18: 13225829-5 | G18: 1 | H18: 1 | I18: 1 | AK18: =SUM(G18:AJ18) -> 3 | AL18: 33000 | AM18: =AL18*AK18 -> 99000
A19: AC | B19: 903 | C19: TOLOZA | E19: KATHERINE | F19: 15188041-k | G19: 1 | H19: 1 | I19: 1 | AK19: =SUM(G19:AJ19) -> 3 | AL19: 33000 | AM19: =AL19*AK19 -> 99000
A20: AC | B20: 1101 | C20: PINOCHET | E20: CONSUELO | F20: 17904147-2 | G20: 1 | H20: 1 | I20: 1 | AK20: =SUM(G20:AJ20) -> 3 | AL20: 33000 | AM20: =AL20*AK20 -> 99000
A21: AC | B21: 1101 | C21: SANDOVAL | E21: GISELA | F21: 19120950-8 | G21: 1 | H21: 1 | I21: 1 | AK21: =SUM(G21:AJ21) -> 3 | AL21: 33000 | AM21: =AL21*AK21 -> 99000
A22: AC | B22: 1402 | C22: VILLARREAL | E22: EDWAR | G22: 1 | H22: 1 | I22: 1 | AK22: =SUM(G22:AJ22) -> 3 | AL22: 33000 | AM22: =AL22*AK22 -> 99000
A23: AC | B23: 1402 | C23: HERMOSILLA | E23: HÉCTOR | F23: 19297281-7 | G23: 1 | H23: 1 | I23: 1 | AK23: =SUM(G23:AJ23) -> 3 | AL23: 33000 | AM23: =AL23*AK23 -> 99000
A24: AC | B24: 401 | C24: SOTO | D24: HERRERA | E24: MARIA | F24: 19797369-2 | H24: 1 | I24: 1 | AK24: =SUM(G24:AJ24) -> 2 | AL24: 60000 | AM24: =AL24*AK24 -> 120000
A25: AC | B25: 205 | C25: ZARATE | E25: FABIAN | F25: 18150201-0 | J25: 1 | K25: 1 | L25: 1 | M25: 1 | N25: 1 | O25: 1 | AK25: =SUM(G25:AJ25) -> 6 | AL25: 33000 | AM25: =AL25*AK25 -> 198000
A26: AC | B26: 205 | C26: SEPULVEDA | E26: GONZALO | F26: 18408247-0 | J26: 1 | K26: 1 | L26: 1 | M26: 1 | N26: 1 | O26: 1 | AK26: =SUM(G26:AJ26) -> 6 | AL26: 33000 | AM26: =AL26*AK26 -> 198000
A27: AC | B27: 302 | C27: BERNARD | E27: FERNANDO | F27: 17137085-K | J27: 1 | K27: 1 | L27: 1 | M27: 1 | N27: 1 | O27: 1 | AK27: =SUM(G27:AJ27) -> 6 | AL27: 33000 | AM27: =AL27*AK27 -> 198000
A28: AC | B28: 302 | C28: ARCHILES | E28: FELIX | F28: 17137111-2 | J28: 1 | K28: 1 | L28: 1 | M28: 1 | N28: 1 | O28: 1 | AK28: =SUM(G28:AJ28) -> 6 | AL28: 33000 | AM28: =AL28*AK28 -> 198000
A29: AC | B29: 401 | C29: SOTO | D29: HERRERA | E29: MARIA | F29: 19797369-2 | J29: 1 | K29: 1 | L29: 1 | M29: 1 | N29: 1 | O29: 1 | AK29: =SUM(G29:AJ29) -> 6 | AL29: 60000 | AM29: =AL29*AK29 -> 360000
A30: AC | B30: 404 | C30: TENORIO | E30: JOSE | F30: 19365127-5 | J30: 1 | K30: 1 | L30: 1 | M30: 1 | N30: 1 | O30: 1 | AK30: =SUM(G30:AJ30) -> 6 | AL30: 33000 | AM30: =AL30*AK30 -> 198000
A31: AC | B31: 404 | C31: CARRASCO | E31: FELIPE | F31: 16690731-4 | J31: 1 | K31: 1 | L31: 1 | M31: 1 | N31: 1 | O31: 1 | AK31: =SUM(G31:AJ31) -> 6 | AL31: 33000 | AM31: =AL31*AK31 -> 198000
A32: AC | B32: 604 | C32: AGUILERA | E32: JORGE | F32: 19797369-2 | J32: 1 | K32: 1 | L32: 1 | M32: 1 | N32: 1 | O32: 1 | AK32: =SUM(G32:AJ32) -> 6 | AL32: 33000 | AM32: =AL32*AK32 -> 198000
A33: AC | B33: 604 | C33: AZOCAR | D33: CORNEJO | E33: NICOLAS | F33: 19114498-8 | J33: 1 | K33: 1 | L33: 1 | M33: 1 | N33: 1 | O33: 1 | AK33: =SUM(G33:AJ33) -> 6 | AL33: 33000 | AM33: =AL33*AK33 -> 198000
A34: AC | B34: 903 | C34: CERECEDA | E34: SOLANGE | F34: 17172403-1 | J34: 1 | K34: 1 | L34: 1 | M34: 1 | N34: 1 | O34: 1 | AK34: =SUM(G34:AJ34) -> 6 | AL34: 33000 | AM34: =AL34*AK34 -> 198000
A35: AC | B35: 903 | C35: PEREZ | E35: MARIA F | F35: 18785701-5 | J35: 1 | K35: 1 | L35: 1 | M35: 1 | N35: 1 | O35: 1 | AK35: =SUM(G35:AJ35) -> 6 | AL35: 33000 | AM35: =AL35*AK35 -> 198000
A36: AC | B36: 1101 | C36: BARRIENTOS | D36: URQUIZA | E36: ROCIO | F36: 19907354-0 | J36: 1 | K36: 1 | L36: 1 | M36: 1 | N36: 1 | O36: 1 | AK36: =SUM(G36:AJ36) -> 6 | AL36: 33000 | AM36: =AL36*AK36 -> 198000
A37: AC | B37: 1101 | C37: VALENZUELA | D37: BUSTOS | E37: VICTORIA | F37: 19120001-2 | J37: 1 | K37: 1 | L37: 1 | M37: 1 | N37: 1 | O37: 1 | AK37: =SUM(G37:AJ37) -> 6 | AL37: 33000 | AM37: =AL37*AK37 -> 198000
A38: AC | B38: 1402 | C38: CORNEJO | D38: OCHOA | E38: RONALD | F38: 13507456-K | J38: 1 | K38: 1 | L38: 1 | M38: 1 | N38: 1 | O38: 1 | AK38: =SUM(G38:AJ38) -> 6 | AL38: 33000 | AM38: =AL38*AK38 -> 198000
A39: AC | B39: 1402 | C39: DUARTE | D39: GOMEZ | E39: JORGE | F39: 9635487-8 | J39: 1 | K39: 1 | L39: 1 | M39: 1 | N39: 1 | O39: 1 | AK39: =SUM(G39:AJ39) -> 6 | AL39: 33000 | AM39: =AL39*AK39 -> 198000
A40: AC | B40: 205 | C40: ZARATE | E40: FABIAN | F40: 18150201-0 | P40: 1 | AK40: =SUM(G40:AJ40) -> 1 | AL40: 33000 | AM40: =AL40*AK40 -> 33000
A41: AC | B41: 205 | C41: SEPULVEDA | E41: GONZALO | F41: 18408247-0 | P41: 1 | AK41: =SUM(G41:AJ41) -> 1 | AL41: 33000 | AM41: =AL41*AK41 -> 33000
A42: AC | B42: 302 | C42: BERNARD | E42: FERNANDO | F42: 17137085-K | P42: 1 | AK42: =SUM(G42:AJ42) -> 1 | AL42: 33000 | AM42: =AL42*AK42 -> 33000
A43: AC | B43: 302 | C43: AGUILERA | E43: JORGE | F43: 19122318-7 | P43: 1 | AK43: =SUM(G43:AJ43) -> 1 | AL43: 33000 | AM43: =AL43*AK43 -> 33000
A44: AC | B44: 401 | C44: ARROYO | D44: CAMPOS | E44: PATRICIO | F44: 14472229-9 | P44: 1 | AK44: =SUM(G44:AJ44) -> 1 | AL44: 60000 | AM44: =AL44*AK44 -> 60000
A45: AC | B45: 404 | C45: TENORIO | E45: JOSE | F45: 19365127-5 | P45: 1 | AK45: =SUM(G45:AJ45) -> 1 | AL45: 33000 | AM45: =AL45*AK45 -> 33000
A46: AC | B46: 404 | C46: CARRASCO | E46: FELIPE | F46: 16690731-4 | P46: 1 | AK46: =SUM(G46:AJ46) -> 1 | AL46: 33000 | AM46: =AL46*AK46 -> 33000
A47: AC | B47: 604 | C47: ARCHILES | E47: FELIX | F47: 17137111-2 | P47: 1 | AK47: =SUM(G47:AJ47) -> 1 | AL47: 33000 | AM47: =AL47*AK47 -> 33000
A48: AC | B48: 604 | C48: AZOCAR | D48: CORNEJO | E48: NICOLAS | F48: 19114498-8 | P48: 1 | AK48: =SUM(G48:AJ48) -> 1 | AL48: 33000 | AM48: =AL48*AK48 -> 33000
A49: AC | B49: 903 | C49: CERECEDA | E49: SOLANGE | F49: 17172403-1 | P49: 1 | AK49: =SUM(G49:AJ49) -> 1 | AL49: 33000 | AM49: =AL49*AK49 -> 33000
A50: AC | B50: 903 | C50: PEREZ | E50: MARIA F | F50: 18785701-5 | P50: 1 | AK50: =SUM(G50:AJ50) -> 1 | AL50: 33000 | AM50: =AL50*AK50 -> 33000
A51: AC | B51: 1101 | C51: BARRIENTOS | D51: URQUIZA | E51: ROCIO | F51: 19907354-0 | P51: 1 | AK51: =SUM(G51:AJ51) -> 1 | AL51: 33000 | AM51: =AL51*AK51 -> 33000
A52: AC | B52: 1101 | C52: VALENZUELA | D52: BUSTOS | E52: VICTORIA | F52: 19120001-2 | P52: 1 | AK52: =SUM(G52:AJ52) -> 1 | AL52: 33000 | AM52: =AL52*AK52 -> 33000
A53: AC | B53: 1402 | C53: CORNEJO | D53: OCHOA | E53: RONALD | F53: 13507456-K | P53: 1 | AK53: =SUM(G53:AJ53) -> 1 | AL53: 33000 | AM53: =AL53*AK53 -> 33000
A54: AC | B54: 1402 | C54: DUARTE | D54: GOMEZ | E54: JORGE | F54: 9635487-8 | P54: 1 | AK54: =SUM(G54:AJ54) -> 1 | AL54: 33000 | AM54: =AL54*AK54 -> 33000
A55: AC | B55: 205 | C55: VELIZ | E55: CLAUDIO | F55: 16728609-7 | Q55: 1 | R55: 1 | S55: 1 | T55: 1 | U55: 1 | V55: 1 | W55: 1 | AK55: =SUM(G55:AJ55) -> 7 | AL55: 33000 | AM55: =AL55*AK55 -> 231000
A56: AC | B56: 205 | C56: VALENZUELA | E56: ESTEBAN | F56: 19408470-6 | Q56: 1 | R56: 1 | S56: 1 | T56: 1 | U56: 1 | V56: 1 | W56: 1 | AK56: =SUM(G56:AJ56) -> 7 | AL56: 33000 | AM56: =AL56*AK56 -> 231000
A57: AC | B57: 302 | C57: OLIVARES | E57: GONZALO | F57: 18843149-6 | Q57: 1 | R57: 1 | S57: 1 | T57: 1 | U57: 1 | V57: 1 | W57: 1 | AK57: =SUM(G57:AJ57) -> 7 | AL57: 33000 | AM57: =AL57*AK57 -> 231000
A58: AC | B58: 302 | C58: VILLARREAL | E58: EDWAR | F58: 20101406-9 | Q58: 1 | R58: 1 | S58: 1 | T58: 1 | U58: 1 | V58: 1 | W58: 1 | AK58: =SUM(G58:AJ58) -> 7 | AL58: 33000 | AM58: =AL58*AK58 -> 231000
A59: AC | B59: 401 | C59: ARROYO | D59: CAMPOS | E59: PATRICIO | F59: 14472229-9 | Q59: 1 | AK59: =SUM(G59:AJ59) -> 1 | AL59: 60000 | AM59: =AL59*AK59 -> 60000
A60: AC | B60: 401 | C60: RIVERA | E60: DANIELA | F60: 18024668-1 | R60: 1 | S60: 1 | T60: 1 | U60: 1 | V60: 1 | W60: 1 | AK60: =SUM(G60:AJ60) -> 6 | AL60: 60000 | AM60: =AL60*AK60 -> 360000
A61: AC | B61: 404 | C61: QUEVEDO | E61: CRISTÓBAL | F61: 19359014-4 | Q61: 1 | R61: 1 | S61: 1 | T61: 1 | U61: 1 | V61: 1 | W61: 1 | AK61: =SUM(G61:AJ61) -> 7 | AL61: 33000 | AM61: =AL61*AK61 -> 231000
A62: AC | B62: 404 | C62: AMESTICA | D62: HURVINA | E62: JORGE | F62: 19720960-7 | Q62: 1 | R62: 1 | S62: 1 | T62: 1 | U62: 1 | V62: 1 | W62: 1 | AK62: =SUM(G62:AJ62) -> 7 | AL62: 33000 | AM62: =AL62*AK62 -> 231000
A63: AC | B63: 604 | C63: CARRASCO | E63: CINTHIA | F63: 19278457-3 | Q63: 1 | R63: 1 | S63: 1 | T63: 1 | U63: 1 | V63: 1 | W63: 1 | AK63: =SUM(G63:AJ63) -> 7 | AL63: 33000 | AM63: =AL63*AK63 -> 231000
A64: AC | B64: 604 | C64: COBARUBIA | E64: JAVIERA | F64: 17353868-5 | Q64: 1 | R64: 1 | S64: 1 | T64: 1 | U64: 1 | V64: 1 | W64: 1 | AK64: =SUM(G64:AJ64) -> 7 | AL64: 33000 | AM64: =AL64*AK64 -> 231000
A65: AC | B65: 903 | C65: TOLOZA | E65: KATHERINE | F65: 15188041-k | Q65: 1 | R65: 1 | S65: 1 | T65: 1 | U65: 1 | V65: 1 | W65: 1 | AK65: =SUM(G65:AJ65) -> 7 | AL65: 33000 | AM65: =AL65*AK65 -> 231000
A66: AC | B66: 903 | C66: CUETO | E66: SUSANA | F66: 13225829-5 | Q66: 1 | R66: 1 | S66: 1 | T66: 1 | U66: 1 | V66: 1 | W66: 1 | AK66: =SUM(G66:AJ66) -> 7 | AL66: 33000 | AM66: =AL66*AK66 -> 231000
A67: AC | B67: 1101 | C67: PINOCHET | E67: CONSUELO | F67: 17904147-2 | Q67: 1 | R67: 1 | S67: 1 | T67: 1 | U67: 1 | V67: 1 | W67: 1 | AK67: =SUM(G67:AJ67) -> 7 | AL67: 33000 | AM67: =AL67*AK67 -> 231000
A68: AC | B68: 1101 | C68: SANDOVAL | E68: GISELA | F68: 19120950-8 | Q68: 1 | R68: 1 | S68: 1 | T68: 1 | U68: 1 | V68: 1 | W68: 1 | AK68: =SUM(G68:AJ68) -> 7 | AL68: 33000 | AM68: =AL68*AK68 -> 231000
A69: AC | B69: 1402 | C69: BRUNA | E69: EDUARDO | F69: 16325978-8 | Q69: 1 | R69: 1 | S69: 1 | T69: 1 | U69: 1 | V69: 1 | W69: 1 | AK69: =SUM(G69:AJ69) -> 7 | AL69: 33000 | AM69: =AL69*AK69 -> 231000
A70: AC | B70: 1402 | C70: HERMOSILLA | E70: HÉCTOR | F70: 19297281-7 | Q70: 1 | R70: 1 | S70: 1 | T70: 1 | U70: 1 | V70: 1 | W70: 1 | AK70: =SUM(G70:AJ70) -> 7 | AL70: 33000 | AM70: =AL70*AK70 -> 231000
A71: AC | B71: 506 | C71: SEPULVEDA | E71: FERNANDO | F71: 17319810-8 | R71: 1 | S71: 1 | T71: 1 | U71: 1 | V71: 1 | W71: 1 | AK71: =SUM(G71:AJ71) -> 6 | AL71: 60000 | AM71: =AL71*AK71 -> 360000
A72: AC | B72: 304 | C72: ALEGRIA | E72: CARLOS | F72: 19835830-K | S72: 1 | T72: 1 | U72: 1 | V72: 1 | W72: 1 | AK72: =SUM(G72:AJ72) -> 5 | AL72: 33000 | AM72: =AL72*AK72 -> 165000
A73: AC | B73: 304 | C73: CUEVAS | E73: SERGIO | F73: 19510126-K | S73: 1 | T73: 1 | U73: 1 | V73: 1 | W73: 1 | AK73: =SUM(G73:AJ73) -> 5 | AL73: 33000 | AM73: =AL73*AK73 -> 165000
A74: AC | B74: 203 | C74: MOSCOSO | D74: SAEZ | E74: DANIEL | F74: 17678108-4 | V74: 1 | W74: 1 | AK74: =SUM(G74:AJ74) -> 2 | AL74: 33000 | AM74: =AL74*AK74 -> 66000
A75: AC | B75: 203 | C75: ÑANCO | E75: DANIEL | F75: 17043751-9 | W75: 1 | AK75: =SUM(G75:AJ75) -> 1 | AL75: 33000 | AM75: =AL75*AK75 -> 33000
A76: AC | B76: 203 | C76: CUPO EN DPTO RESERVADO | T76: 1 | U76: 1 | V76: 1 | AK76: =SUM(G76:AJ76) -> 3 | AL76: 20500 | AM76: =AL76*AK76 -> 61500
A77: AC | B77: 203 | C77: CUPO EN DPTO RESERVADO | T77: 1 | U77: 1 | AK77: =SUM(G77:AJ77) -> 2 | AL77: 20500 | AM77: =AL77*AK77 -> 41000
A78: AC | B78: 203 | C78: MOSCOSO | E78: DANIEL | F78: 17678108-4 | X78: 1 | Y78: 1 | Z78: 1 | AA78: 1 | AB78: 1 | AC78: 1 | AD78: 1 | AK78: =SUM(G78:AJ78) -> 7 | AL78: 33000 | AM78: =AL78*AK78 -> 231000
A79: AC | B79: 203 | C79: SEPULVEDA | E79: FERNANDO | F79: 17319810-8 | AD79: 1 | AK79: =SUM(G79:AJ79) -> 1 | AL79: 33000 | AM79: =AL79*AK79 -> 33000
A80: AC | B80: 203 | C80: CUPO EN DPTO RESERVADO | X80: 1 | Y80: 1 | Z80: 1 | AA80: 1 | AB80: 1 | AC80: 1 | AK80: =SUM(G80:AJ80) -> 6 | AL80: 20500 | AM80: =AL80*AK80 -> 123000
A81: AC | B81: 205 | C81: ZARATE | E81: FABIAN | F81: 18150201-0 | X81: 1 | Y81: 1 | Z81: 1 | AA81: 1 | AB81: 1 | AC81: 1 | AD81: 1 | AK81: =SUM(G81:AJ81) -> 7 | AL81: 33000 | AM81: =AL81*AK81 -> 231000
A82: AC | B82: 205 | C82: SEPULVEDA | E82: GONZALO | F82: 18408247-0 | X82: 1 | Y82: 1 | Z82: 1 | AA82: 1 | AB82: 1 | AC82: 1 | AD82: 1 | AK82: =SUM(G82:AJ82) -> 7 | AL82: 33000 | AM82: =AL82*AK82 -> 231000
A83: AC | B83: 302 | C83: BERNARD | E83: FERNANDO | F83: 17137085-K | X83: 1 | Y83: 1 | Z83: 1 | AA83: 1 | AB83: 1 | AC83: 1 | AD83: 1 | AK83: =SUM(G83:AJ83) -> 7 | AL83: 33000 | AM83: =AL83*AK83 -> 231000
A84: AC | B84: 302 | C84: ARCHILES | E84: FELIX | F84: 17137111-2 | X84: 1 | Y84: 1 | Z84: 1 | AA84: 1 | AB84: 1 | AC84: 1 | AD84: 1 | AK84: =SUM(G84:AJ84) -> 7 | AL84: 33000 | AM84: =AL84*AK84 -> 231000
A85: AC | B85: 304 | C85: AGUILERA | E85: JORGE | F85: 19122318-7 | X85: 1 | Y85: 1 | Z85: 1 | AA85: 1 | AB85: 1 | AC85: 1 | AD85: 1 | AK85: =SUM(G85:AJ85) -> 7 | AL85: 33000 | AM85: =AL85*AK85 -> 231000
A86: AC | B86: 304 | C86: AZOCAR | E86: NICOLAS | F86: 19114498-8 | X86: 1 | Y86: 1 | Z86: 1 | AA86: 1 | AB86: 1 | AC86: 1 | AD86: 1 | AK86: =SUM(G86:AJ86) -> 7 | AL86: 33000 | AM86: =AL86*AK86 -> 231000
A87: AC | B87: 401 | C87: FLORES | E87: MILENA | F87: 18579932-8 | X87: 1 | Y87: 1 | Z87: 1 | AA87: 1 | AB87: 1 | AC87: 1 | AD87: 1 | AK87: =SUM(G87:AJ87) -> 7 | AL87: 33000 | AM87: =AL87*AK87 -> 231000
A88: AC | B88: 404 | C88: CARRASCO | E88: FELIPE | F88: 16690731-4 | X88: 1 | Y88: 1 | Z88: 1 | AA88: 1 | AB88: 1 | AC88: 1 | AD88: 1 | AK88: =SUM(G88:AJ88) -> 7 | AL88: 33000 | AM88: =AL88*AK88 -> 231000
A89: AC | B89: 404 | C89: TENORIO | E89: JOSE | F89: 19365127-5 | X89: 1 | Y89: 1 | Z89: 1 | AA89: 1 | AB89: 1 | AC89: 1 | AD89: 1 | AK89: =SUM(G89:AJ89) -> 7 | AL89: 33000 | AM89: =AL89*AK89 -> 231000
A90: AC | B90: 406 | C90: DIAZ | E90: VALENTINA | F90: 17764546-K | X90: 1 | Y90: 1 | Z90: 1 | AA90: 1 | AB90: 1 | AC90: 1 | AD90: 1 | AK90: =SUM(G90:AJ90) -> 7 | AL90: 33000 | AM90: =AL90*AK90 -> 231000
A91: AC | B91: 604 | C91: GALAZ | E91: ALEJANDRO | F91: 19527019-8 | X91: 1 | Y91: 1 | Z91: 1 | AA91: 1 | AB91: 1 | AC91: 1 | AD91: 1 | AK91: =SUM(G91:AJ91) -> 7 | AL91: 33000 | AM91: =AL91*AK91 -> 231000
A92: AC | B92: 604 | C92: PINTO | E92: CLAUDIO | F92: 13726534-6 | X92: 1 | Y92: 1 | Z92: 1 | AA92: 1 | AB92: 1 | AC92: 1 | AD92: 1 | AK92: =SUM(G92:AJ92) -> 7 | AL92: 33000 | AM92: =AL92*AK92 -> 231000
... A98: AC | B98: 1402 | C98: DUARTE | E98: JORGE | F98: 9635487-8 | X98: 1 | Y98: 1 | Z98: 1 | AA98: 1 | AB98: 1 | AC98: 1 | AD98: 1 | AK98: =SUM(G98:AJ98) -> 7 | AL98: 33000 | AM98: =AL98*AK98 -> 231000
A99: AC | B99: 203 | C99: MOSCOSO | D99: SAEZ | E99: DANIEL | F99: 17678108-4 | AE99: 1 | AF99: 1 | AG99: 1 | AH99: 1 | AI99: 1 | AJ99: 1 | AK99: =SUM(G99:AJ99) -> 6 | AL99: 33000 | AM99: =AL99*AK99 -> 198000
A100: AC | B100: 203 | C100: SEPULVEDA | D100: ABURTO | E100: FERNANDO | F100: 17319810-8 | AE100: 1 | AF100: 1 | AG100: 1 | AH100: 1 | AI100: 1 | AJ100: 1 | AK100: =SUM(G100:AJ100) -> 6 | AL100: 33000 | AM100: =AL100*AK100 -> 198000
A101: AC | B101: 205 | C101: VELIS | D101: VARAS | E101: CLAUDIO | F101: 16728609-7 | AE101: 1 | AF101: 1 | AG101: 1 | AH101: 1 | AI101: 1 | AJ101: 1 | AK101: =SUM(G101:AJ101) -> 6 | AL101: 33000 | AM101: =AL101*AK101 -> 198000
A102: AC | B102: 205 | C102: VALENZUELA | D102: NUÑEZ | E102: ESTEBAN | F102: 19408470-6 | AE102: 1 | AF102: 1 | AG102: 1 | AH102: 1 | AI102: 1 | AJ102: 1 | AK102: =SUM(G102:AJ102) -> 6 | AL102: 33000 | AM102: =AL102*AK102 -> 198000
A103: AC | B103: 302 | C103: OLIVARES | D103: MIGUELES | E103: GONZALO | F103: 18843149-6 | AE103: 1 | AF103: 1 | AG103: 1 | AH103: 1 | AI103: 1 | AJ103: 1 | AK103: =SUM(G103:AJ103) -> 6 | AL103: 33000 | AM103: =AL103*AK103 -> 198000
A104: AC | B104: 302 | C104: VILLARREAL | D104: CERNA | E104: EDWAR | F104: 20101406-9 | AE104: 1 | AF104: 1 | AG104: 1 | AH104: 1 | AI104: 1 | AJ104: 1 | AK104: =SUM(G104:AJ104) -> 6 | AL104: 33000 | AM104: =AL104*AK104 -> 198000
A105: AC | B105: 304 | C105: CARRASCO | D105: AVILA | E105: CYNTHIA | F105: 19278457-3 | AE105: 1 | AF105: 1 | AG105: 1 | AH105: 1 | AI105: 1 | AJ105: 1 | AK105: =SUM(G105:AJ105) -> 6 | AL105: 33000 | AM105: =AL105*AK105 -> 198000
A106: AC | B106: 304 | C106: TOLOZA | D106: ARROYO | E106: KATHERINE | F106: 15188041-K | AE106: 1 | AF106: 1 | AG106: 1 | AH106: 1 | AI106: 1 | AJ106: 1 | AK106: =SUM(G106:AJ106) -> 6 | AL106: 33000 | AM106: =AL106*AK106 -> 198000
A107: AC | B107: 404 | C107: QUEVEDO | D107: MERINO | E107: CRISTÓBAL | F107: 19359014-4 | AE107: 1 | AF107: 1 | AG107: 1 | AH107: 1 | AI107: 1 | AJ107: 1 | AK107: =SUM(G107:AJ107) -> 6 | AL107: 33000 | AM107: =AL107*AK107 -> 198000
A108: AC | B108: 404 | C108: AMESTICA | D108: HURVINA | E108: JORGE | F108: 19720960-7 | AE108: 1 | AF108: 1 | AG108: 1 | AH108: 1 | AI108: 1 | AJ108: 1 | AK108: =SUM(G108:AJ108) -> 6 | AL108: 33000 | AM108: =AL108*AK108 -> 198000
A109: AC | B109: 604 | C109: GALAZ | D109: GONZALEZ | E109: ALEJANDRO | F109: 19527019-8 | AE109: 1 | AF109: 1 | AG109: 1 | AH109: 1 | AI109: 1 | AJ109: 1 | AK109: =SUM(G109:AJ109) -> 6 | AL109: 33000 | AM109: =AL109*AK109 -> 198000
A110: AC | B110: 604 | C110: PINTO | D110: CHAVEZ | E110: CLAUDIO | F110: 13726534-6 | AE110: 1 | AF110: 1 | AG110: 1 | AH110: 1 | AI110: 1 | AJ110: 1 | AK110: =SUM(G110:AJ110) -> 6 | AL110: 33000 | AM110: =AL110*AK110 -> 198000
... A118: AC | B118: 1402 | C118: HERMOSILLA | D118: GUZMAN | E118: HECTOR | F118: 19297281-7 | AE118: 1 | AF118: 1 | AG118: 1 | AH118: 1 | AI118: 1 | AJ118: 1 | AK118: =SUM(G118:AJ118) -> 6 | AL118: 33000 | AM118: =AL118*AK118 -> 198000
A119: ANG | B119: 712 | C119: MOSCOSO | E119: DANIEL | F119: 17678108-4 | H119: 1 | I119: 1 | J119: 1 | AK119: =SUM(G119:AJ119) -> 3 | AL119: 33000 | AM119: =AL119*AK119 -> 99000
...
