Workbook

Sheet H1
A6: CORRELATIVO N°2 | G6: 45778 | H6: 45779 | I6: 45780 | J6: 45781 | K6: 45782 | L6: 45783 | M6: 45784 | N6: 45785 | O6: 45786 | P6: 45787 | Q6: 45788 | R6: 45789 | S6: 45790 | T6: 45791 | U6: 45792 | V6: 45793 | W6: 45794 | X6: 45795 | Y6: 45796 | Z6: 45797 | AA6: 45798 | AB6: 45799 | AC6: 45800 | AD6: 45801 | AE6: 45802 | AF6: 45803 | AG6: 45804 | AH6: 45805 | AI6: 45806 | AJ6: 45807 | AK6: 45808 | AL6: 01 AL 31 DE MAYO
B9: HAB | C9: APELLIDO PATERNO | D9: APELLIDO MATERNO | E9: NOMBRE | F9: RUT | AL9: D. OCUP | AM9: V. OCUP | AN9: T. OCUP.
A10: H1 | B10: 51 | C10: MORALES | D10: HERNANDEZ | E10: MATIAS | F10: 21456295-2 | G10: 1 | H10: 1 | I10: 1 | J10: 1 | K10: 1 | L10: 1 | M10: 1 | N10: 1 | O10: 1 | P10: 1 | AL10: =SUM(G10:AK10) -> 10 | AM10: 32000 | AN10: =AM10*AL10 -> 320000
A11: H1 | B11: 51 | C11: ORELLANA | D11: CASTILLO | E11: MAURICIO | F11: 16688300-8 | G11: 1 | H11: 1 | I11: 1 | J11: 1 | K11: 1 | L11: 1 | M11: 1 | N11: 1 | O11: 1 | P11: 1 | AL11: =SUM(G11:AK11) -> 10 | AM11: 32000 | AN11: =AM11*AL11 -> 320000
A12: H1 | B12: 56 | C12: LORCA | D12: GONZALEZ | E12: ROBERTO | F12: 19573463-1 | G12: 1 | H12: 1 | I12: 1 | J12: 1 | K12: 1 | L12: 1 | M12: 1 | N12: 1 | O12: 1 | P12: 1 | AL12: =SUM(G12:AK12) -> 10 | AM12: 32000 | AN12: =AM12*AL12 -> 320000
A13: H1 | B13: 56 | C13: LORCA | D13: GONZALEZ | E13: JOSE | F13: 20188147-1 | G13: 1 | H13: 1 | I13: 1 | J13: 1 | K13: 1 | L13: 1 | M13: 1 | N13: 1 | O13: 1 | P13: 1 | AL13: =SUM(G13:AK13) -> 10 | AM13: 32000 | AN13: =AM13*AL13 -> 320000
A14: H1 | B14: 57 | C14: ARAVENA | D14: LEYTON | E14: MAURICIO | F14: 17932208-0 | G14: 1 | H14: 1 | I14: 1 | J14: 1 | K14: 1 | L14: 1 | M14: 1 | N14: 1 | O14: 1 | P14: 1 | AL14: =SUM(G14:AK14) -> 10 | AM14: 32000 | AN14: =AM14*AL14 -> 320000
A15: H1 | B15: 57 | C15: URIBE | D15: VALENZUELA | E15: CARLOS | F15: 17209918-1 | G15: 1 | H15: 1 | I15: 1 | J15: 1 | K15: 1 | L15: 1 | M15: 1 | N15: 1 | O15: 1 | P15: 1 | AL15: =SUM(G15:AK15) -> 10 | AM15: 32000 | AN15: =AM15*AL15 -> 320000
A16: H1 | B16: 59 | C16: ARANCIBIA | D16: OVALLE | E16: ROBERTO | F16: 9347291-8 | G16: 1 | H16: 1 | I16: 1 | J16: 1 | K16: 1 | L16: 1 | M16: 1 | N16: 1 | O16: 1 | P16: 1 | AL16: =SUM(G16:AK16) -> 10 | AM16: 32000 | AN16: =AM16*AL16 -> 320000
A17: H1 | B17: 59 | C17: MORALES | D17: ARTEAGA | E17: JURGUEN | F17: 21462934-8 | G17: 1 | H17: 1 | I17: 1 | J17: 1 | K17: 1 | L17: 1 | M17: 1 | N17: 1 | O17: 1 | P17: 1 | AL17: =SUM(G17:AK17) -> 10 | AM17: 32000 | AN17: =AM17*AL17 -> 320000
A18: H1 | B18: 61 | C18: GALAZ | D18: ZUÑIGA | E18: PATRICIO | F18: 12175296-4 | G18: 1 | H18: 1 | I18: 1 | J18: 1 | K18: 1 | L18: 1 | M18: 1 | N18: 1 | O18: 1 | P18: 1 | AL18: =SUM(G18:AK18) -> 10 | AM18: 32000 | AN18: =AM18*AL18 -> 320000
A19: H1 | B19: 61 | C19: RETAMAL | D19: CASTRO | E19: BENJAMIN | F19: 19346121-2 | G19: 1 | H19: 1 | I19: 1 | J19: 1 | K19: 1 | L19: 1 | M19: 1 | N19: 1 | O19: 1 | P19: 1 | AL19: =SUM(G19:AK19) -> 10 | AM19: 32000 | AN19: =AM19*AL19 -> 320000
A20: H1 | B20: 65 | C20: JORQUERA | D20: GENERAL | E20: ALFREDO | F20: 16678159-0 | G20: 1 | H20: 1 | I20: 1 | J20: 1 | K20: 1 | L20: 1 | M20: 1 | N20: 1 | O20: 1 | P20: 1 | AL20: =SUM(G20:AK20) -> 10 | AM20: 32000 | AN20: =AM20*AL20 -> 320000
A21: H1 | B21: 65 | C21: SOLIS | D21: HIDALGO | E21: ALEJANDRA | F21: 17078357-3 | G21: 1 | H21: 1 | I21: 1 | J21: 1 | K21: 1 | L21: 1 | M21: 1 | N21: 1 | O21: 1 | P21: 1 | AL21: =SUM(G21:AK21) -> 10 | AM21: 32000 | AN21: =AM21*AL21 -> 320000
A22: H1 | B22: 67 | C22: ÑANCO | D22: MILLALEN | E22: LUIS | F22: 15248769-K | G22: 1 | H22: 1 | I22: 1 | J22: 1 | K22: 1 | L22: 1 | M22: 1 | N22: 1 | O22: 1 | P22: 1 | AL22: =SUM(G22:AK22) -> 10 | AM22: 32000 | AN22: =AM22*AL22 -> 320000
A23: H1 | B23: 67 | C23: RIOS | D23: BAEZA | E23: LUIS | G23: 1 | H23: 1 | I23: 1 | J23: 1 | K23: 1 | L23: 1 | M23: 1 | N23: 1 | O23: 1 | P23: 1 | AL23: =SUM(G23:AK23) -> 10 | AM23: 32000 | AN23: =AM23*AL23 -> 320000
A24: H1 | B24: 69 | C24: PICHON | D24: CORNEJO | E24: MARCO | F24: 12915179-K | G24: 1 | H24: 1 | I24: 1 | J24: 1 | K24: 1 | L24: 1 | M24: 1 | N24: 1 | O24: 1 | P24: 1 | AL24: =SUM(G24:AK24) -> 10 | AM24: 32000 | AN24: =AM24*AL24 -> 320000
A25: H1 | B25: 69 | C25: INOSTROZA | D25: INOSTROZA | E25: RINDOLFO | F25: 11585182-9 | G25: 1 | H25: 1 | I25: 1 | J25: 1 | K25: 1 | L25: 1 | M25: 1 | N25: 1 | O25: 1 | P25: 1 | AL25: =SUM(G25:AK25) -> 10 | AM25: 32000 | AN25: =AM25*AL25 -> 320000
A26: H1 | B26: 71 | C26: CAYUQUEO | D26: CAMPOS | E26: ERWIN | F26: 17261752-2 | G26: 1 | H26: 1 | I26: 1 | J26: 1 | K26: 1 | L26: 1 | M26: 1 | N26: 1 | O26: 1 | P26: 1 | AL26: =SUM(G26:AK26) -> 10 | AM26: 32000 | AN26: =AM26*AL26 -> 320000
A27: H1 | B27: 71 | C27: FUENTELABA | D27: MUÑOZ | E27: PABLO | F27: 15508059-0 | G27: 1 | H27: 1 | I27: 1 | J27: 1 | K27: 1 | L27: 1 | M27: 1 | N27: 1 | O27: 1 | P27: 1 | AL27: =SUM(G27:AK27) -> 10 | AM27: 32000 | AN27: =AM27*AL27 -> 320000
A28: H1 | B28: 5 | C28: MORALES | D28: LOPEZ | E28: IVAN | F28: 12602975-6 | N28: 1 | O28: 1 | P28: 1 | Q28: 1 | R28: 1 | S28: 1 | T28: 1 | U28: 1 | V28: 1 | W28: 1 | X28: 1 | Y28: 1 | Z28: 1 | AA28: 1 | AL28: =SUM(G28:AK28) -> 14 | AM28: 32000 | AN28: =AM28*AL28 -> 448000
A29: H1 | B29: 5 | C29: VENEGAS | D29: CARES | E29: CRISTIAN | F29: 12512803-3 | N29: 1 | O29: 1 | P29: 1 | Q29: 1 | R29: 1 | S29: 1 | T29: 1 | U29: 1 | V29: 1 | W29: 1 | X29: 1 | Y29: 1 | Z29: 1 | AA29: 1 | AL29: =SUM(G29:AK29) -> 14 | AM29: 32000 | AN29: =AM29*AL29 -> 448000
A30: H1 | B30: 7 | C30: ACEVEDO | D30: LETELIER | E30: CRISTIAN | F30: 16856842-8 | N30: 1 | O30: 1 | P30: 1 | Q30: 1 | R30: 1 | S30: 1 | T30: 1 | U30: 1 | V30: 1 | W30: 1 | X30: 1 | Y30: 1 | Z30: 1 | AA30: 1 | AL30: =SUM(G30:AK30) -> 14 | AM30: 32000 | AN30: =AM30*AL30 -> 448000
A31: H1 | B31: 7 | C31: RECABAL | D31: GONZALEZ | E31: CLAUDIO | F31: 13355393-2 | N31: 1 | O31: 1 | P31: 1 | Q31: 1 | R31: 1 | S31: 1 | T31: 1 | U31: 1 | V31: 1 | W31: 1 | X31: 1 | Y31: 1 | Z31: 1 | AA31: 1 | AL31: =SUM(G31:AK31) -> 14 | AM31: 32000 | AN31: =AM31*AL31 -> 448000
A32: H1 | B32: 8 | C32: BEROIZA | D32: RAILAF | E32: NICOLAS | F32: 19463033-6 | N32: 1 | O32: 1 | P32: 1 | Q32: 1 | R32: 1 | S32: 1 | T32: 1 | U32: 1 | V32: 1 | W32: 1 | X32: 1 | Y32: 1 | Z32: 1 | AA32: 1 | AL32: =SUM(G32:AK32) -> 14 | AM32: 32000 | AN32: =AM32*AL32 -> 448000
A33: H1 | B33: 8 | C33: CALPIQUEO | D33: PAILLACAN | E33: ALIRO | F33: 15239015-7 | N33: 1 | O33: 1 | P33: 1 | Q33: 1 | R33: 1 | S33: 1 | T33: 1 | U33: 1 | V33: 1 | W33: 1 | X33: 1 | Y33: 1 | Z33: 1 | AA33: 1 | AL33: =SUM(G33:AK33) -> 14 | AM33: 32000 | AN33: =AM33*AL33 -> 448000
A34: H1 | B34: 9 | C34: MUÑOZ | D34: QUEZADA | E34: MIGUEL | F34: 15819396-5 | N34: 1 | O34: 1 | P34: 1 | Q34: 1 | R34: 1 | S34: 1 | T34: 1 | U34: 1 | V34: 1 | W34: 1 | X34: 1 | Y34: 1 | Z34: 1 | AA34: 1 | AL34: =SUM(G34:AK34) -> 14 | AM34: 32000 | AN34: =AM34*AL34 -> 448000
A35: H1 | B35: 9 | C35: VARGAS | D35: FERNÁNDEZ | E35: CARLOS | F35: 8499733-1 | N35: 1 | O35: 1 | P35: 1 | Q35: 1 | R35: 1 | S35: 1 | T35: 1 | U35: 1 | V35: 1 | W35: 1 | X35: 1 | Y35: 1 | Z35: 1 | AA35: 1 | AL35: =SUM(G35:AK35) -> 14 | AM35: 32000 | AN35: =AM35*AL35 -> 448000
A36: H1 | B36: 10 | C36: ORTIZ | D36: SANTELICES | E36: ALEJANDRO | F36: 13856349-9 | N36: 1 | O36: 1 | P36: 1 | Q36: 1 | R36: 1 | S36: 1 | T36: 1 | U36: 1 | V36: 1 | W36: 1 | X36: 1 | Y36: 1 | Z36: 1 | AA36: 1 | AL36: =SUM(G36:AK36) -> 14 | AM36: 32000 | AN36: =AM36*AL36 -> 448000
A37: H1 | B37: 10 | C37: PIZARRO | D37: KLEIN | E37: LUIS | F37: 12501155-1 | N37: 1 | O37: 1 | P37: 1 | Q37: 1 | R37: 1 | S37: 1 | T37: 1 | U37: 1 | V37: 1 | W37: 1 | X37: 1 | Y37: 1 | Z37: 1 | AA37: 1 | AL37: =SUM(G37:AK37) -> 14 | AM37: 32000 | AN37: =AM37*AL37 -> 448000
A38: H1 | B38: 11 | C38: MORAGA | D38: POBLETE | E38: IGNACIO | F38: 19777682-K | N38: 1 | O38: 1 | P38: 1 | Q38: 1 | R38: 1 | S38: 1 | T38: 1 | U38: 1 | V38: 1 | W38: 1 | X38: 1 | Y38: 1 | Z38: 1 | AA38: 1 | AL38: =SUM(G38:AK38) -> 14 | AM38: 32000 | AN38: =AM38*AL38 -> 448000
A39: H1 | B39: 11 | C39: PAINEMIL | D39: AVILA | E39: MATIAS | F39: 20932689-2 | N39: 1 | O39: 1 | P39: 1 | Q39: 1 | R39: 1 | S39: 1 | T39: 1 | U39: 1 | V39: 1 | W39: 1 | X39: 1 | Y39: 1 | Z39: 1 | AA39: 1 | AL39: =SUM(G39:AK39) -> 14 | AM39: 32000 | AN39: =AM39*AL39 -> 448000
A40: H1 | B40: 14 | C40: AYALA | D40: MIRANDA | E40: HUMBERTO | F40: 8849655-8 | N40: 1 | O40: 1 | P40: 1 | Q40: 1 | R40: 1 | S40: 1 | T40: 1 | U40: 1 | V40: 1 | W40: 1 | X40: 1 | Y40: 1 | Z40: 1 | AL40: =SUM(G40:AK40) -> 13 | AM40: 32000 | AN40: =AM40*AL40 -> 416000
A41: H1 | B41: 14 | C41: LLANCAPAN | D41: CASTILLO | E41: MICHEL | F41: 13199156-8 | N41: 1 | O41: 1 | P41: 1 | Q41: 1 | R41: 1 | S41: 1 | T41: 1 | U41: 1 | V41: 1 | W41: 1 | X41: 1 | Y41: 1 | Z41: 1 | AA41: 1 | AL41: =SUM(G41:AK41) -> 14 | AM41: 32000 | AN41: =AM41*AL41 -> 448000
A42: H1 | B42: 22 | C42: CABRERA | D42: ALARCON | E42: ULICES | F42: 49343664 | N42: 1 | O42: 1 | P42: 1 | Q42: 1 | R42: 1 | S42: 1 | T42: 1 | U42: 1 | V42: 1 | W42: 1 | X42: 1 | Y42: 1 | Z42: 1 | AA42: 1 | AL42: =SUM(G42:AK42) -> 14 | AM42: 32000 | AN42: =AM42*AL42 -> 448000
A43: H1 | B43: 22 | C43: GARCIA | D43: SAAVEDRA | E43: AMERICO | F43: 124907860 | N43: 1 | O43: 1 | P43: 1 | Q43: 1 | R43: 1 | S43: 1 | T43: 1 | U43: 1 | V43: 1 | W43: 1 | X43: 1 | Y43: 1 | Z43: 1 | AA43: 1 | AL43: =SUM(G43:AK43) -> 14 | AM43: 32000 | AN43: =AM43*AL43 -> 448000
A44: H1 | B44: 24 | C44: TORRE | D44: VALENZUELA | E44: LIDO | F44: 9771848 | N44: 1 | O44: 1 | P44: 1 | Q44: 1 | R44: 1 | S44: 1 | T44: 1 | U44: 1 | V44: 1 | W44: 1 | X44: 1 | Y44: 1 | Z44: 1 | AA44: 1 | AL44: =SUM(G44:AK44) -> 14 | AM44: 32000 | AN44: =AM44*AL44 -> 448000
A45: H1 | B45: 24 | C45: GONZALEZ | D45: PALOMINO | E45: LUIS | F45: 123912862 | N45: 1 | O45: 1 | P45: 1 | Q45: 1 | R45: 1 | S45: 1 | T45: 1 | U45: 1 | V45: 1 | W45: 1 | X45: 1 | Y45: 1 | Z45: 1 | AA45: 1 | AL45: =SUM(G45:AK45) -> 14 | AM45: 32000 | AN45: =AM45*AL45 -> 448000
A46: H1 | B46: 35 | C46: DONOSO | D46: CORTES | E46: JUAN | F46: 20681999-5 | N46: 1 | O46: 1 | P46: 1 | Q46: 1 | R46: 1 | S46: 1 | T46: 1 | U46: 1 | V46: 1 | W46: 1 | X46: 1 | Y46: 1 | Z46: 1 | AA46: 1 | AL46: =SUM(G46:AK46) -> 14 | AM46: 32000 | AN46: =AM46*AL46 -> 448000
A47: H1 | B47: 35 | C47: MARAMBIO | D47: SALINAS | E47: PABLO | F47: 9253816-8 | N47: 1 | O47: 1 | P47: 1 | Q47: 1 | R47: 1 | S47: 1 | T47: 1 | U47: 1 | V47: 1 | W47: 1 | X47: 1 | Y47: 1 | Z47: 1 | AA47: 1 | AL47: =SUM(G47:AK47) -> 14 | AM47: 32000 | AN47: =AM47*AL47 -> 448000
A48: H1 | B48: 38 | C48: TUERTA | D48: DANTAS | E48: RAUL | F48: 124443985 | N48: 1 | O48: 1 | P48: 1 | Q48: 1 | R48: 1 | S48: 1 | T48: 1 | U48: 1 | V48: 1 | W48: 1 | X48: 1 | Y48: 1 | Z48: 1 | AA48: 1 | AL48: =SUM(G48:AK48) -> 14 | AM48: 32000 | AN48: =AM48*AL48 -> 448000
A49: H1 | B49: 38 | C49: MAURICIO | D49: VELASQUEZ | E49: HELBER | F49: 120396527 | N49: 1 | O49: 1 | P49: 1 | Q49: 1 | R49: 1 | S49: 1 | T49: 1 | U49: 1 | V49: 1 | W49: 1 | X49: 1 | Y49: 1 | Z49: 1 | AA49: 1 | AL49: =SUM(G49:AK49) -> 14 | AM49: 32000 | AN49: =AM49*AL49 -> 448000
A50: H1 | B50: 40 | C50: GONZÁLEZ | D50: URBINA | E50: ALEJANDRO | F50: 18339372-3 | N50: 1 | O50: 1 | P50: 1 | Q50: 1 | R50: 1 | S50: 1 | T50: 1 | U50: 1 | V50: 1 | W50: 1 | X50: 1 | Y50: 1 | Z50: 1 | AA50: 1 | AL50: =SUM(G50:AK50) -> 14 | AM50: 32000 | AN50: =AM50*AL50 -> 448000
A51: H1 | B51: 40 | C51: MENA | D51: BADILLA | E51: CARLOS | F51: 16736619-8 | N51: 1 | O51: 1 | P51: 1 | Q51: 1 | R51: 1 | S51: 1 | T51: 1 | U51: 1 | V51: 1 | W51: 1 | X51: 1 | Y51: 1 | Z51: 1 | AA51: 1 | AL51: =SUM(G51:AK51) -> 14 | AM51: 32000 | AN51: =AM51*AL51 -> 448000
A52: H1 | B52: 42 | C52: AVENDAÑO | D52: CANDIA | E52: FRANCISCO | F52: 20014950-5 | N52: 1 | O52: 1 | P52: 1 | Q52: 1 | R52: 1 | S52: 1 | T52: 1 | U52: 1 | V52: 1 | W52: 1 | X52: 1 | Y52: 1 | Z52: 1 | AA52: 1 | AL52: =SUM(G52:AK52) -> 14 | AM52: 32000 | AN52: =AM52*AL52 -> 448000
A53: H1 | B53: 42 | C53: QUEZADA | D53: GONZALEZ | E53: LUCIANO | F53: 15210951-2 | N53: 1 | O53: 1 | P53: 1 | Q53: 1 | R53: 1 | S53: 1 | T53: 1 | U53: 1 | V53: 1 | W53: 1 | X53: 1 | Y53: 1 | Z53: 1 | AA53: 1 | AL53: =SUM(G53:AK53) -> 14 | AM53: 32000 | AN53: =AM53*AL53 -> 448000
A54: H1 | B54: 43 | C54: ALEGRIA | D54: HUERMAN | E54: CARLOS | F54: 19835830-4 | N54: 1 | O54: 1 | P54: 1 | Q54: 1 | R54: 1 | S54: 1 | T54: 1 | U54: 1 | V54: 1 | W54: 1 | X54: 1 | Y54: 1 | Z54: 1 | AA54: 1 | AL54: =SUM(G54:AK54) -> 14 | AM54: 32000 | AN54: =AM54*AL54 -> 448000
A55: H1 | B55: 43 | C55: CUEVAS | D55: VALENZUELA | E55: SERGIO | F55: 19510126-4 | N55: 1 | O55: 1 | P55: 1 | Q55: 1 | R55: 1 | S55: 1 | T55: 1 | U55: 1 | V55: 1 | W55: 1 | X55: 1 | Y55: 1 | Z55: 1 | AA55: 1 | AL55: =SUM(G55:AK55) -> 14 | AM55: 32000 | AN55: =AM55*AL55 -> 448000
A56: H1 | B56: 44 | C56: SALGADO | D56: BREVIS | E56: LUIS | F56: 15192946-K | N56: 1 | O56: 1 | P56: 1 | Q56: 1 | R56: 1 | S56: 1 | T56: 1 | U56: 1 | V56: 1 | W56: 1 | X56: 1 | Y56: 1 | Z56: 1 | AA56: 1 | AL56: =SUM(G56:AK56) -> 14 | AM56: 32000 | AN56: =AM56*AL56 -> 448000
A57: H1 | B57: 44 | C57: REYES | D57: CIFUENTES | E57: MICHAEL | F57: 21959229-9 | N57: 1 | O57: 1 | P57: 1 | Q57: 1 | R57: 1 | S57: 1 | T57: 1 | U57: 1 | V57: 1 | W57: 1 | X57: 1 | Y57: 1 | Z57: 1 | AA57: 1 | AL57: =SUM(G57:AK57) -> 14 | AM57: 32000 | AN57: =AM57*AL57 -> 448000
A58: H1 | B58: 45 | C58: DOMINGUEZ | D58: SALAZAR | E58: JUAN | F58: 12925017-8 | N58: 1 | O58: 1 | P58: 1 | Q58: 1 | R58: 1 | S58: 1 | T58: 1 | U58: 1 | V58: 1 | W58: 1 | X58: 1 | Y58: 1 | Z58: 1 | AA58: 1 | AL58: =SUM(G58:AK58) -> 14 | AM58: 32000 | AN58: =AM58*AL58 -> 448000
A59: H1 | B59: 45 | C59: RIQUELME | D59: CASTILLO | E59: AROLDO | F59: 13623789-6 | N59: 1 | O59: 1 | P59: 1 | Q59: 1 | R59: 1 | S59: 1 | T59: 1 | U59: 1 | V59: 1 | W59: 1 | X59: 1 | Y59: 1 | Z59: 1 | AA59: 1 | AL59: =SUM(G59:AK59) -> 14 | AM59: 32000 | AN59: =AM59*AL59 -> 448000
A60: H1 | B60: 51 | C60: NOVOA | D60: RAMIREZ | E60: SERGIO | F60: 18433996-K | N60: 1 | O60: 1 | P60: 1 | Q60: 1 | R60: 1 | S60: 1 | T60: 1 | U60: 1 | V60: 1 | W60: 1 | X60: 1 | Y60: 1 | Z60: 1 | AA60: 1 | AL60: =SUM(G60:AK60) -> 14 | AM60: 32000 | AN60: =AM60*AL60 -> 448000
A61: H1 | B61: 51 | C61: NOVOA | D61: RAMIREZ | E61: GERSON | F61: 17641321-2 | N61: 1 | O61: 1 | P61: 1 | Q61: 1 | R61: 1 | S61: 1 | T61: 1 | U61: 1 | V61: 1 | W61: 1 | X61: 1 | Y61: 1 | Z61: 1 | AA61: 1 | AL61: =SUM(G61:AK61) -> 14 | AM61: 32000 | AN61: =AM61*AL61 -> 448000
A62: H1 | B62: 52 | C62: HUAYRA | D62: UISPE | E62: FIDEL | F62: 124283575 | N62: 1 | O62: 1 | P62: 1 | Q62: 1 | R62: 1 | S62: 1 | T62: 1 | U62: 1 | V62: 1 | W62: 1 | X62: 1 | Y62: 1 | Z62: 1 | AA62: 1 | AL62: =SUM(G62:AK62) -> 14 | AM62: 32000 | AN62: =AM62*AL62 -> 448000
A63: H1 | B63: 52 | C63: SANCHEZ | D63: SANTALAYA | E63: GENIX | F63: 124794135 | N63: 1 | O63: 1 | P63: 1 | Q63: 1 | R63: 1 | S63: 1 | T63: 1 | U63: 1 | V63: 1 | W63: 1 | X63: 1 | Y63: 1 | Z63: 1 | AA63: 1 | AL63: =SUM(G63:AK63) -> 14 | AM63: 32000 | AN63: =AM63*AL63 -> 448000
A64: H1 | B64: 56 | C64: COMICHEO | D64: VIDAL | E64: ISAAC | F64: 20550837-6 | N64: 1 | O64: 1 | P64: 1 | Q64: 1 | R64: 1 | S64: 1 | T64: 1 | U64: 1 | V64: 1 | W64: 1 | X64: 1 | Y64: 1 | Z64: 1 | AL64: =SUM(G64:AK64) -> 13 | AM64: 32000 | AN64: =AM64*AL64 -> 416000
A65: H1 | B65: 56 | C65: SOLAR | D65: PARRA | E65: MARCELO | F65: 18318800-3 | N65: 1 | O65: 1 | P65: 1 | Q65: 1 | R65: 1 | S65: 1 | T65: 1 | U65: 1 | V65: 1 | W65: 1 | X65: 1 | Y65: 1 | Z65: 1 | AL65: =SUM(G65:AK65) -> 13 | AM65: 32000 | AN65: =AM65*AL65 -> 416000
A66: H1 | B66: 57 | C66: ARROYO | D66: ORTIZ | E66: DAVID | F66: 17043891-4 | N66: 1 | O66: 1 | P66: 1 | Q66: 1 | R66: 1 | S66: 1 | T66: 1 | U66: 1 | V66: 1 | W66: 1 | X66: 1 | Y66: 1 | Z66: 1 | AA66: 1 | AL66: =SUM(G66:AK66) -> 14 | AM66: 32000 | AN66: =AM66*AL66 -> 448000
A67: H1 | B67: 57 | C67: ROSALES | D67: ARAVENA | E67: LEANDRO | F67: 16140720-8 | N67: 1 | O67: 1 | P67: 1 | Q67: 1 | R67: 1 | S67: 1 | T67: 1 | U67: 1 | V67: 1 | W67: 1 | X67: 1 | Y67: 1 | Z67: 1 | AA67: 1 | AL67: =SUM(G67:AK67) -> 14 | AM67: 32000 | AN67: =AM67*AL67 -> 448000
A68: H1 | B68: 58 | C68: MORA | D68: MEZAS | E68: ANTONIO | F68: 12525619-8 | N68: 1 | O68: 1 | P68: 1 | Q68: 1 | R68: 1 | S68: 1 | T68: 1 | U68: 1 | V68: 1 | W68: 1 | X68: 1 | Y68: 1 | Z68: 1 | AA68: 1 | AL68: =SUM(G68:AK68) -> 14 | AM68: 32000 | AN68: =AM68*AL68 -> 448000
A69: H1 | B69: 58 | C69: MUÑOZ | D69: ROZAS | E69: PATRICIO | F69: 19250852-5 | N69: 1 | O69: 1 | P69: 1 | Q69: 1 | R69: 1 | S69: 1 | T69: 1 | U69: 1 | V69: 1 | W69: 1 | X69: 1 | Y69: 1 | Z69: 1 | AA69: 1 | AL69: =SUM(G69:AK69) -> 14 | AM69: 32000 | AN69: =AM69*AL69 -> 448000
A70: H1 | B70: 60 | C70: LABRIN | D70: TORRES | E70: RUBEN | F70: 19421525-8 | N70: 1 | O70: 1 | P70: 1 | Q70: 1 | R70: 1 | S70: 1 | T70: 1 | U70: 1 | V70: 1 | W70: 1 | X70: 1 | Y70: 1 | Z70: 1 | AA70: 1 | AL70: =SUM(G70:AK70) -> 14 | AM70: 32000 | AN70: =AM70*AL70 -> 448000
A71: H1 | B71: 60 | C71: LABRIN | D71: BASCUR | E71: ARTURO | F71: 9715707-3 | N71: 1 | O71: 1 | P71: 1 | Q71: 1 | R71: 1 | S71: 1 | T71: 1 | U71: 1 | V71: 1 | W71: 1 | X71: 1 | Y71: 1 | Z71: 1 | AA71: 1 | AL71: =SUM(G71:AK71) -> 14 | AM71: 32000 | AN71: =AM71*AL71 -> 448000
A72: H1 | B72: 61 | C72: ASCENCIO | D72: FICA | E72: CARLOS | F72: 16613228-2 | N72: 1 | O72: 1 | P72: 1 | Q72: 1 | R72: 1 | S72: 1 | T72: 1 | U72: 1 | V72: 1 | W72: 1 | X72: 1 | Y72: 1 | Z72: 1 | AA72: 1 | AL72: =SUM(G72:AK72) -> 14 | AM72: 32000 | AN72: =AM72*AL72 -> 448000
A73: H1 | B73: 61 | C73: VILLAGRA | D73: CIFUENTES | E73: JUAN | F73: 11677141-1 | N73: 1 | O73: 1 | P73: 1 | Q73: 1 | R73: 1 | S73: 1 | T73: 1 | U73: 1 | V73: 1 | W73: 1 | X73: 1 | Y73: 1 | Z73: 1 | AL73: =SUM(G73:AK73) -> 13 | AM73: 32000 | AN73: =AM73*AL73 -> 416000
A74: H1 | B74: 61 | C74: CORNEJO | D74: BELITZ | E74: PABLO | F74: 16724238-3 | N74: 1 | O74: 1 | P74: 1 | Q74: 1 | R74: 1 | S74: 1 | T74: 1 | U74: 1 | V74: 1 | W74: 1 | X74: 1 | Y74: 1 | Z74: 1 | AA74: 1 | AL74: =SUM(G74:AK74) -> 14 | AM74: 32000 | AN74: =AM74*AL74 -> 448000
A75: H1 | B75: 61 | C75: SEPULVEDA | D75: TELLO | E75: ABRAHAM | F75: 18660475-K | V75: 1 | W75: 1 | X75: 1 | Y75: 1 | Z75: 1 | AA75: 1 | AL75: =SUM(G75:AK75) -> 6 | AM75: 32000 | AN75: =AM75*AL75 -> 192000
A76: H1 | B76: 64 | C76: PLACENCIA | D76: CHANDIA | E76: ALEXIS | F76: 17640226-1 | N76: 1 | O76: 1 | P76: 1 | Q76: 1 | R76: 1 | S76: 1 | T76: 1 | U76: 1 | V76: 1 | W76: 1 | X76: 1 | Y76: 1 | Z76: 1 | AA76: 1 | AL76: =SUM(G76:AK76) -> 14 | AM76: 32000 | AN76: =AM76*AL76 -> 448000
A77: H1 | B77: 64 | C77: SANDOVAL | D77: MALTRAIN | E77: JOSE | F77: 11496095-0 | N77: 1 | O77: 1 | P77: 1 | Q77: 1 | R77: 1 | S77: 1 | T77: 1 | U77: 1 | V77: 1 | W77: 1 | X77: 1 | Y77: 1 | Z77: 1 | AA77: 1 | AL77: =SUM(G77:AK77) -> 14 | AM77: 32000 | AN77: =AM77*AL77 -> 448000
A78: H1 | B78: 70 | C78: CRIACO | D78: PASCUAL | E78: EDSON | F78: 124477087 | I78: 1 | J78: 1 | K78: 1 | L78: 1 | M78: 1 | N78: 1 | O78: 1 | P78: 1 | Q78: 1 | R78: 1 | S78: 1 | T78: 1 | U78: 1 | V78: 1 | AL78: =SUM(G78:AK78) -> 14 | AM78: 32000 | AN78: =AM78*AL78 -> 448000
A79: H1 | B79: 70 | C79: HUACCHA | D79: LLANOS | E79: PATRICIO | F79: 122455977 | I79: 1 | J79: 1 | K79: 1 | L79: 1 | M79: 1 | N79: 1 | O79: 1 | P79: 1 | Q79: 1 | R79: 1 | S79: 1 | T79: 1 | U79: 1 | V79: 1 | AL79: =SUM(G79:AK79) -> 14 | AM79: 32000 | AN79: =AM79*AL79 -> 448000
A80: H1 | B80: 73 | C80: ECHEVERRIA | D80: CERDA | E80: ALEJANDRO | F80: 15589388-5 | N80: 1 | O80: 1 | P80: 1 | Q80: 1 | R80: 1 | S80: 1 | T80: 1 | U80: 1 | V80: 1 | W80: 1 | X80: 1 | Y80: 1 | Z80: 1 | AA80: 1 | AL80: =SUM(G80:AK80) -> 14 | AM80: 32000 | AN80: =AM80*AL80 -> 448000
A81: H1 | B81: 73 | C81: MARTÍNEZ | D81: LAVIN | E81: JUAN | F81: 13134007-9 | N81: 1 | O81: 1 | P81: 1 | Q81: 1 | R81: 1 | S81: 1 | T81: 1 | U81: 1 | V81: 1 | W81: 1 | X81: 1 | Y81: 1 | Z81: 1 | AA81: 1 | AL81: =SUM(G81:AK81) -> 14 | AM81: 32000 | AN81: =AM81*AL81 -> 448000
A82: H1 | B82: 85 | C82: PIO | D82: MICHUY | E82: LADISLAO | F82: 11922228 | O82: 1 | P82: 1 | Q82: 1 | R82: 1 | S82: 1 | T82: 1 | U82: 1 | V82: 1 | W82: 1 | X82: 1 | Y82: 1 | Z82: 1 | AA82: 1 | AB82: 1 | AL82: =SUM(G82:AK82) -> 14 | AM82: 32000 | AN82: =AM82*AL82 -> 448000
A83: H1 | B83: 85 | C83: HUMACTO | D83: VIVANCO | E83: ALDO | F83: 124847189 | N83: 1 | O83: 1 | P83: 1 | Q83: 1 | R83: 1 | S83: 1 | T83: 1 | U83: 1 | V83: 1 | W83: 1 | X83: 1 | Y83: 1 | Z83: 1 | AA83: 1 | AL83: =SUM(G83:AK83) -> 14 | AM83: 32000 | AN83: =AM83*AL83 -> 448000
A84: H1 | B84: 72 | C84: AHUMADA | D84: ESPINOZA | E84: MICHAEL | F84: 19105072-K | V84: 1 | W84: 1 | X84: 1 | Y84: 1 | Z84: 1 | AA84: 1 | AL84: =SUM(G84:AK84) -> 6 | AM84: 32000 | AN84: =AM84*AL84 -> 192000
A85: H1 | B85: 72 | C85: CAMPOS | D85: URZUA | E85: FELIPE | F85: 19042549-5 | V85: 1 | W85: 1 | X85: 1 | Y85: 1 | Z85: 1 | AA85: 1 | AL85: =SUM(G85:AK85) -> 6 | AM85: 32000 | AN85: =AM85*AL85 -> 192000
A86: H1 | B86: 75 | C86: ROJAS | D86: NARANJO | E86: BARBARA | F86: 17774459-K | V86: 1 | W86: 1 | X86: 1 | Y86: 1 | AL86: =SUM(G86:AK86) -> 4 | AM86: 32000 | AN86: =AM86*AL86 -> 128000
A87: H1 | B87: 75 | C87: GALLARDO | D87: VILLALOBOS | E87: JUDITH | F87: 17478990-8 | V87: 1 | W87: 1 | X87: 1 | Y87: 1 | AL87: =SUM(G87:AK87) -> 4 | AM87: 32000 | AN87: =AM87*AL87 -> 128000
A88: H1 | B88: 76 | C88: FUENTES | D88: SEPULVEDA | E88: LUIS | F88: 11372628-8 | V88: 1 | W88: 1 | X88: 1 | Y88: 1 | Z88: 1 | AA88: 1 | AL88: =SUM(G88:AK88) -> 6 | AM88: 32000 | AN88: =AM88*AL88 -> 192000
A89: H1 | B89: 76 | C89: OLIVARES | D89: JIMENEZ | E89: PATRICIO | F89: 13358916-3 | V89: 1 | W89: 1 | X89: 1 | Y89: 1 | Z89: 1 | AA89: 1 | AL89: =SUM(G89:AK89) -> 6 | AM89: 32000 | AN89: =AM89*AL89 -> 192000
A90: H1 | B90: 78 | C90: FLORES | D90: ARENAS | E90: JUAN | F90: 15596612-2 | V90: 1 | W90: 1 | X90: 1 | Y90: 1 | Z90: 1 | AA90: 1 | AL90: =SUM(G90:AK90) -> 6 | AM90: 32000 | AN90: =AM90*AL90 -> 192000
A91: H1 | B91: 78 | C91: GABRIEL | D91: GARCIA | E91: ANGEL | F91: 22428439-K | V91: 1 | W91: 1 | X91: 1 | Y91: 1 | Z91: 1 | AA91: 1 | AL91: =SUM(G91:AK91) -> 6 | AM91: 32000 | AN91: =AM91*AL91 -> 192000
A92: H1 | B92: 82 | C92: GUTIERREZ | D92: PAYE | E92: ELIAS | F92: 124796754 | N92: 1 | O92: 1 | P92: 1 | Q92: 1 | R92: 1 | S92: 1 | T92: 1 | U92: 1 | V92: 1 | W92: 1 | X92: 1 | Y92: 1 | Z92: 1 | AA92: 1 | AL92: =SUM(G92:AK92) -> 14 | AM92: 32000 | AN92: =AM92*AL92 -> 448000
A93: H1 | B93: 82 | C93: CACCALA | D93: YAMPASI | E93: JESUS | F93: 123525417 | N93: 1 | O93: 1 | P93: 1 | Q93: 1 | R93: 1 | S93: 1 | T93: 1 | U93: 1 | V93: 1 | W93: 1 | X93: 1 | Y93: 1 | Z93: 1 | AA93: 1 | AL93: =SUM(G93:AK93) -> 14 | AM93: 32000 | AN93: =AM93*AL93 -> 448000
A94: H1 | B94: 83 | C94: MACHICADO | D94: MAMANI | E94: YONY | F94: 122461560 | N94: 1 | O94: 1 | P94: 1 | Q94: 1 | R94: 1 | S94: 1 | T94: 1 | U94: 1 | V94: 1 | W94: 1 | X94: 1 | Y94: 1 | Z94: 1 | AA94: 1 | AL94: =SUM(G94:AK94) -> 14 | AM94: 32000 | AN94: =AM94*AL94 -> 448000
A95: H1 | B95: 83 | C95: SANCHEZ | D95: HANCCO | E95: WILSON | F95: 124931215 | N95: 1 | O95: 1 | P95: 1 | Q95: 1 | R95: 1 | S95: 1 | T95: 1 | U95: 1 | V95: 1 | W95: 1 | X95: 1 | Y95: 1 | Z95: 1 | AA95: 1 | AL95: =SUM(G95:AK95) -> 14 | AM95: 32000 | AN95: =AM95*AL95 -> 448000
A96: H1 | B96: 81 | C96: MATUAS | D96: ESCOBAR | E96: RODOLFO | F96: 14059897-6 | U96: 1 | V96: 1 | W96: 1 | X96: 1 | Y96: 1 | Z96: 1 | AA96: 1 | AL96: =SUM(G96:AK96) -> 7 | AM96: 32000 | AN96: =AM96*AL96 -> 224000
A97: H1 | B97: 81 | C97: OLIVA | D97: ZUÑIGA | E97: RENE | F97: 13042417-1 | U97: 1 | V97: 1 | W97: 1 | X97: 1 | Y97: 1 | Z97: 1 | AA97: 1 | AL97: =SUM(G97:AK97) -> 7 | AM97: 32000 | AN97: =AM97*AL97 -> 224000
A98: H1 | B98: 88 | C98: PUENTES | D98: SANHUEZA | E98: LEANDRO | F98: 16873475-1 | N98: 1 | O98: 1 | P98: 1 | Q98: 1 | R98: 1 | S98: 1 | T98: 1 | U98: 1 | V98: 1 | W98: 1 | X98: 1 | Y98: 1 | Z98: 1 | AA98: 1 | AL98: =SUM(G98:AK98) -> 14 | AM98: 32000 | AN98: =AM98*AL98 -> 448000
A99: H1 | B99: 88 | C99: TAPIA | D99: RAMOS | E99: DIEGO | F99: 17934696-6 | N99: 1 | O99: 1 | P99: 1 | Q99: 1 | R99: 1 | S99: 1 | T99: 1 | U99: 1 | V99: 1 | W99: 1 | X99: 1 | Y99: 1 | Z99: 1 | AA99: 1 | AL99: =SUM(G99:AK99) -> 14 | AM99: 32000 | AN99: =AM99*AL99 -> 448000
A100: H1 | B100: 89 | C100: BEROIZA | D100: GALLEGOS | E100: JORGE | F100: 12301334-4 | N100: 1 | O100: 1 | P100: 1 | Q100: 1 | R100: 1 | S100: 1 | T100: 1 | U100: 1 | V100: 1 | W100: 1 | X100: 1 | Y100: 1 | Z100: 1 | AA100: 1 | AL100: =SUM(G100:AK100) -> 14 | AM100: 32000 | AN100: =AM100*AL100 -> 448000
A101: H1 | B101: 89 | C101: PARRA | D101: CARRASCO | E101: RICARDO | F101: 10380778-6 | N101: 1 | O101: 1 | P101: 1 | Q101: 1 | R101: 1 | S101: 1 | T101: 1 | U101: 1 | V101: 1 | W101: 1 | X101: 1 | Y101: 1 | Z101: 1 | AA101: 1 | AL101: =SUM(G101:AK101) -> 14 | AM101: 32000 | AN101: =AM101*AL101 -> 448000
A102: H1 | B102: 97 | C102: INOSTROZA | D102: ARAUJO | E102: JOSE | F102: 450991894 | N102: 1 | O102: 1 | P102: 1 | Q102: 1 | R102: 1 | S102: 1 | T102: 1 | U102: 1 | V102: 1 | W102: 1 | X102: 1 | Y102: 1 | Z102: 1 | AA102: 1 | AL102: =SUM(G102:AK102) -> 14 | AM102: 32000 | AN102: =AM102*AL102 -> 448000
A103: H1 | B103: 97 | C103: INZUNZA | D103: CHANDIA | E103: LUIS | F103: 13128159-5 | N103: 1 | O103: 1 | P103: 1 | Q103: 1 | R103: 1 | S103: 1 | T103: 1 | U103: 1 | V103: 1 | W103: 1 | X103: 1 | Y103: 1 | Z103: 1 | AA103: 1 | AL103: =SUM(G103:AK103) -> 14 | AM103: 32000 | AN103: =AM103*AL103 -> 448000
A104: H1 | B104: 98 | C104: ZAMBRANO | D104: QUISPE | E104: HERMINIO | F104: 45359428 | N104: 1 | O104: 1 | P104: 1 | Q104: 1 | R104: 1 | S104: 1 | T104: 1 | U104: 1 | V104: 1 | W104: 1 | X104: 1 | Y104: 1 | Z104: 1 | AA104: 1 | AL104: =SUM(G104:AK104) -> 14 | AM104: 32000 | AN104: =AM104*AL104 -> 448000
A105: H1 | B105: 98 | C105: YACTAYO | D105: VERGARAY | E105: JAIME | F105: 124908117 | N105: 1 | O105: 1 | P105: 1 | Q105: 1 | R105: 1 | S105: 1 | T105: 1 | U105: 1 | V105: 1 | W105: 1 | X105: 1 | Y105: 1 | Z105: 1 | AA105: 1 | AL105: =SUM(G105:AK105) -> 14 | AM105: 32000 | AN105: =AM105*AL105 -> 448000
A106: H1 | B106: 99 | C106: MAMANI | D106: AREVALO | E106: JESUS | F106: 44181783 | N106: 1 | O106: 1 | P106: 1 | Q106: 1 | R106: 1 | S106: 1 | T106: 1 | U106: 1 | V106: 1 | W106: 1 | X106: 1 | Y106: 1 | Z106: 1 | AA106: 1 | AL106: =SUM(G106:AK106) -> 14 | AM106: 32000 | AN106: =AM106*AL106 -> 448000
A107: H1 | B107: 99 | C107: HUAMAN | D107: PAUCAR | E107: JURELIO | F107: 124847791 | N107: 1 | O107: 1 | P107: 1 | Q107: 1 | R107: 1 | S107: 1 | T107: 1 | U107: 1 | V107: 1 | W107: 1 | X107: 1 | Y107: 1 | Z107: 1 | AA107: 1 | AL107: =SUM(G107:AK107) -> 14 | AM107: 32000 | AN107: =AM107*AL107 -> 448000
...

Sheet H3
A6: CORRELATIVO N°2 | G6: 45778 | H6: 45779 | I6: 45780 | J6: 45781 | K6: 45782 | L6: 45783 | M6: 45784 | N6: 45785 | O6: 45786 | P6: 45787 | Q6: 45788 | R6: 45789 | S6: 45790 | T6: 45791 | U6: 45792 | V6: 45793 | W6: 45794 | X6: 45795 | Y6: 45796 | Z6: 45797 | AA6: 45798 | AB6: 45799 | AC6: 45800 | AD6: 45801 | AE6: 45802 | AF6: 45803 | AG6: 45804 | AH6: 45805 | AI6: 45806 | AJ6: 45807 | AK6: 45808 | AL6: 01 AL 31 DE MAYO
B9: HAB | C9: APELLIDO PATERNO | D9: APELLIDO MATERNO | E9: NOMBRE | F9: RUT | AL9: D. OCUP | AM9: V. OCUP | AN9: T. OCUP.
A10: H3 | B10: 51 | C10: MORALES | D10: HERNANDEZ | E10: MATIAS | F10: 21456295-2 | G10: 1 | H10: 1 | I10: 1 | J10: 1 | K10: 1 | L10: 1 | M10: 1 | N10: 1 | O10: 1 | P10: 1 | Q10: 1 | R10: 1 | AL10: =SUM(G10:AK10) -> 12 | AM10: 32000 | AN10: =AM10*AL10 -> 384000
A11: H3 | B11: 51 | C11: ORELLANA | D11: CASTILLO | E11: MAURICIO | F11: 16688300-8 | G11: 1 | H11: 1 | I11: 1 | J11: 1 | K11: 1 | L11: 1 | M11: 1 | N11: 1 | O11: 1 | P11: 1 | Q11: 1 | R11: 1 | AL11: =SUM(G11:AK11) -> 12 | AM11: 32000 | AN11: =AM11*AL11 -> 384000
A12: H3 | B12: 56 | C12: LORCA | D12: GONZALEZ | E12: ROBERTO | F12: 19573463-1 | G12: 1 | H12: 1 | I12: 1 | J12: 1 | K12: 1 | L12: 1 | M12: 1 | N12: 1 | O12: 1 | P12: 1 | Q12: 1 | R12: 1 | AL12: =SUM(G12:AK12) -> 12 | AM12: 32000 | AN12: =AM12*AL12 -> 384000
A13: H3 | B13: 56 | C13: LORCA | D13: GONZALEZ | E13: JOSE | F13: 20188147-1 | G13: 1 | H13: 1 | I13: 1 | J13: 1 | K13: 1 | L13: 1 | M13: 1 | N13: 1 | O13: 1 | P13: 1 | Q13: 1 | R13: 1 | AL13: =SUM(G13:AK13) -> 12 | AM13: 32000 | AN13: =AM13*AL13 -> 384000
A14: H3 | B14: 57 | C14: ARAVENA | D14: LEYTON | E14: MAURICIO | F14: 17932208-0 | G14: 1 | H14: 1 | I14: 1 | J14: 1 | K14: 1 | L14: 1 | M14: 1 | N14: 1 | O14: 1 | P14: 1 | Q14: 1 | R14: 1 | AL14: =SUM(G14:AK14) -> 12 | AM14: 32000 | AN14: =AM14*AL14 -> 384000
A15: H3 | B15: 57 | C15: URIBE | D15: VALENZUELA | E15: CARLOS | F15: 17209918-1 | G15: 1 | H15: 1 | I15: 1 | J15: 1 | K15: 1 | L15: 1 | M15: 1 | N15: 1 | O15: 1 | P15: 1 | Q15: 1 | R15: 1 | AL15: =SUM(G15:AK15) -> 12 | AM15: 32000 | AN15: =AM15*AL15 -> 384000
A16: H3 | B16: 59 | C16: ARANCIBIA | D16: OVALLE | E16: ROBERTO | F16: 9347291-8 | G16: 1 | H16: 1 | I16: 1 | J16: 1 | K16: 1 | L16: 1 | M16: 1 | N16: 1 | O16: 1 | P16: 1 | Q16: 1 | R16: 1 | AL16: =SUM(G16:AK16) -> 12 | AM16: 32000 | AN16: =AM16*AL16 -> 384000
A17: H3 | B17: 59 | C17: MORALES | D17: ARTEAGA | E17: JURGUEN | F17: 21462934-8 | G17: 1 | H17: 1 | I17: 1 | J17: 1 | K17: 1 | L17: 1 | M17: 1 | N17: 1 | O17: 1 | P17: 1 | Q17: 1 | R17: 1 | AL17: =SUM(G17:AK17) -> 12 | AM17: 32000 | AN17: =AM17*AL17 -> 384000
A18: H3 | B18: 61 | C18: GALAZ | D18: ZUÑIGA | E18: PATRICIO | F18: 12175296-4 | G18: 1 | H18: 1 | I18: 1 | J18: 1 | K18: 1 | L18: 1 | M18: 1 | N18: 1 | O18: 1 | P18: 1 | Q18: 1 | R18: 1 | AL18: =SUM(G18:AK18) -> 12 | AM18: 32000 | AN18: =AM18*AL18 -> 384000
A19: H3 | B19: 61 | C19: RETAMAL | D19: CASTRO | E19: BENJAMIN | F19: 19346121-2 | G19: 1 | H19: 1 | I19: 1 | J19: 1 | K19: 1 | L19: 1 | M19: 1 | N19: 1 | O19: 1 | P19: 1 | Q19: 1 | R19: 1 | AL19: =SUM(G19:AK19) -> 12 | AM19: 32000 | AN19: =AM19*AL19 -> 384000
A20: H3 | B20: 65 | C20: JORQUERA | D20: GENERAL | E20: ALFREDO | F20: 16678159-0 | G20: 1 | H20: 1 | I20: 1 | J20: 1 | K20: 1 | L20: 1 | M20: 1 | N20: 1 | O20: 1 | P20: 1 | Q20: 1 | R20: 1 | AL20: =SUM(G20:AK20) -> 12 | AM20: 32000 | AN20: =AM20*AL20 -> 384000
A21: H3 | B21: 65 | C21: SOLIS | D21: HIDALGO | E21: ALEJANDRA | F21: 17078357-3 | G21: 1 | H21: 1 | I21: 1 | J21: 1 | K21: 1 | L21: 1 | M21: 1 | N21: 1 | O21: 1 | P21: 1 | Q21: 1 | R21: 1 | AL21: =SUM(G21:AK21) -> 12 | AM21: 32000 | AN21: =AM21*AL21 -> 384000
A22: H3 | B22: 67 | C22: ÑANCO | D22: MILLALEN | E22: LUIS | F22: 15248769-K | G22: 1 | H22: 1 | I22: 1 | J22: 1 | K22: 1 | L22: 1 | M22: 1 | N22: 1 | O22: 1 | P22: 1 | Q22: 1 | R22: 1 | AL22: =SUM(G22:AK22) -> 12 | AM22: 32000 | AN22: =AM22*AL22 -> 384000
A23: H3 | B23: 67 | C23: RIOS | D23: BAEZA | E23: LUIS | G23: 1 | H23: 1 | I23: 1 | J23: 1 | K23: 1 | L23: 1 | M23: 1 | N23: 1 | O23: 1 | P23: 1 | Q23: 1 | R23: 1 | AL23: =SUM(G23:AK23) -> 12 | AM23: 32000 | AN23: =AM23*AL23 -> 384000
A24: H3 | B24: 69 | C24: PICHON | D24: CORNEJO | E24: MARCO | F24: 12915179-K | G24: 1 | H24: 1 | I24: 1 | J24: 1 | K24: 1 | L24: 1 | M24: 1 | N24: 1 | O24: 1 | P24: 1 | Q24: 1 | R24: 1 | AL24: =SUM(G24:AK24) -> 12 | AM24: 32000 | AN24: =AM24*AL24 -> 384000
A25: H3 | B25: 69 | C25: INOSTROZA | D25: INOSTROZA | E25: RINDOLFO | F25: 11585182-9 | G25: 1 | H25: 1 | I25: 1 | J25: 1 | K25: 1 | L25: 1 | M25: 1 | N25: 1 | O25: 1 | P25: 1 | Q25: 1 | R25: 1 | AL25: =SUM(G25:AK25) -> 12 | AM25: 32000 | AN25: =AM25*AL25 -> 384000
A26: H3 | B26: 71 | C26: CAYUQUEO | D26: CAMPOS | E26: ERWIN | F26: 17261752-2 | G26: 1 | H26: 1 | I26: 1 | J26: 1 | K26: 1 | L26: 1 | M26: 1 | N26: 1 | O26: 1 | P26: 1 | Q26: 1 | R26: 1 | AL26: =SUM(G26:AK26) -> 12 | AM26: 32000 | AN26: =AM26*AL26 -> 384000
A27: H3 | B27: 71 | C27: FUENTELABA | D27: MUÑOZ | E27: PABLO | F27: 15508059-0 | G27: 1 | H27: 1 | I27: 1 | J27: 1 | K27: 1 | L27: 1 | M27: 1 | N27: 1 | O27: 1 | P27: 1 | Q27: 1 | R27: 1 | AL27: =SUM(G27:AK27) -> 12 | AM27: 32000 | AN27: =AM27*AL27 -> 384000
A28: H3 | B28: 11 | C28: ANCANAO | D28: RODRIGUEZ | E28: JUAN | F28: 15210383-2 | N28: 1 | O28: 1 | P28: 1 | Q28: 1 | R28: 1 | S28: 1 | T28: 1 | U28: 1 | V28: 1 | W28: 1 | X28: 1 | Y28: 1 | Z28: 1 | AA28: 1 | AL28: =SUM(G28:AK28) -> 14 | AM28: 32000 | AN28: =AM28*AL28 -> 448000
A29: H3 | B29: 11 | C29: COFRE | D29: TRONCOSO | E29: PATRICIO | F29: 13155394-3 | N29: 1 | O29: 1 | P29: 1 | Q29: 1 | R29: 1 | S29: 1 | T29: 1 | U29: 1 | V29: 1 | W29: 1 | X29: 1 | Y29: 1 | Z29: 1 | AA29: 1 | AL29: =SUM(G29:AK29) -> 14 | AM29: 32000 | AN29: =AM29*AL29 -> 448000
A30: H3 | B30: 15 | C30: CISTERNAS | D30: MACAYA | E30: MOISES | F30: 12980913-2 | N30: 1 | O30: 1 | P30: 1 | Q30: 1 | R30: 1 | S30: 1 | T30: 1 | U30: 1 | V30: 1 | W30: 1 | X30: 1 | Y30: 1 | Z30: 1 | AA30: 1 | AL30: =SUM(G30:AK30) -> 14 | AM30: 32000 | AN30: =AM30*AL30 -> 448000
A31: H3 | B31: 15 | C31: FERNANDEZ | D31: VILLAGRAN | E31: HECTOR | F31: 10571908-6 | N31: 1 | O31: 1 | P31: 1 | Q31: 1 | R31: 1 | S31: 1 | T31: 1 | U31: 1 | V31: 1 | W31: 1 | X31: 1 | Y31: 1 | Z31: 1 | AA31: 1 | AL31: =SUM(G31:AK31) -> 14 | AM31: 32000 | AN31: =AM31*AL31 -> 448000
A32: H3 | B32: 17 | C32: CARTES | D32: ARRIAGADA | E32: MARCELO | F32: 19767976-K | N32: 1 | O32: 1 | P32: 1 | Q32: 1 | R32: 1 | S32: 1 | T32: 1 | U32: 1 | V32: 1 | W32: 1 | X32: 1 | Y32: 1 | Z32: 1 | AA32: 1 | AL32: =SUM(G32:AK32) -> 14 | AM32: 32000 | AN32: =AM32*AL32 -> 448000
A33: H3 | B33: 17 | C33: JARA | D33: ZAPATA | E33: JUAN | F33: 14573834-2 | N33: 1 | O33: 1 | P33: 1 | Q33: 1 | R33: 1 | S33: 1 | T33: 1 | U33: 1 | V33: 1 | W33: 1 | X33: 1 | Y33: 1 | Z33: 1 | AA33: 1 | AL33: =SUM(G33:AK33) -> 14 | AM33: 32000 | AN33: =AM33*AL33 -> 448000
A34: H3 | B34: 29 | C34: ARENAS | D34: MANRIQUEZ | E34: DANIEL | F34: 11179233-K | N34: 1 | O34: 1 | P34: 1 | Q34: 1 | R34: 1 | S34: 1 | T34: 1 | U34: 1 | V34: 1 | W34: 1 | X34: 1 | Y34: 1 | Z34: 1 | AA34: 1 | AL34: =SUM(G34:AK34) -> 14 | AM34: 32000 | AN34: =AM34*AL34 -> 448000
A35: H3 | B35: 29 | C35: TORRES | D35: BENITEZ | E35: ERIK | F35: 17870662-4 | N35: 1 | O35: 1 | P35: 1 | Q35: 1 | R35: 1 | S35: 1 | T35: 1 | U35: 1 | V35: 1 | W35: 1 | X35: 1 | Y35: 1 | Z35: 1 | AA35: 1 | AL35: =SUM(G35:AK35) -> 14 | AM35: 32000 | AN35: =AM35*AL35 -> 448000
A36: H3 | B36: 30 | C36: BRUNA | D36: ARAYA | E36: EDUARDO | F36: 16325978-8 | R36: 1 | S36: 1 | T36: 1 | U36: 1 | V36: 1 | W36: 1 | X36: 1 | Y36: 1 | Z36: 1 | AA36: 1 | AL36: =SUM(G36:AK36) -> 10 | AM36: 32000 | AN36: =AM36*AL36 -> 320000
A37: H3 | B37: 34 | C37: ESCOBAR | D37: ARRIAGADA | E37: PATRICIO | F37: 18405090-0 | N37: 1 | O37: 1 | P37: 1 | Q37: 1 | R37: 1 | S37: 1 | T37: 1 | U37: 1 | V37: 1 | W37: 1 | X37: 1 | Y37: 1 | Z37: 1 | AA37: 1 | AL37: =SUM(G37:AK37) -> 14 | AM37: 32000 | AN37: =AM37*AL37 -> 448000
A38: H3 | B38: 34 | C38: FIGUEROA | D38: MUÑOZ | E38: SERGIO | F38: 11215037-4 | N38: 1 | O38: 1 | P38: 1 | Q38: 1 | R38: 1 | S38: 1 | T38: 1 | U38: 1 | V38: 1 | W38: 1 | X38: 1 | Y38: 1 | Z38: 1 | AA38: 1 | AL38: =SUM(G38:AK38) -> 14 | AM38: 32000 | AN38: =AM38*AL38 -> 448000
A39: H3 | B39: 40 | C39: CHURATA | D39: CHUQUIRA | E39: ELISEO | F39: 44472068-9 | N39: 1 | O39: 1 | P39: 1 | Q39: 1 | R39: 1 | S39: 1 | T39: 1 | U39: 1 | V39: 1 | W39: 1 | X39: 1 | Y39: 1 | Z39: 1 | AA39: 1 | AL39: =SUM(G39:AK39) -> 14 | AM39: 32000 | AN39: =AM39*AL39 -> 448000
A40: H3 | B40: 40 | C40: MATO | D40: FLORES | E40: ISAAC | F40: 44471932-K | N40: 1 | O40: 1 | P40: 1 | Q40: 1 | R40: 1 | S40: 1 | T40: 1 | U40: 1 | V40: 1 | W40: 1 | X40: 1 | Y40: 1 | Z40: 1 | AA40: 1 | AL40: =SUM(G40:AK40) -> 14 | AM40: 32000 | AN40: =AM40*AL40 -> 448000
A41: H3 | B41: 42 | C41: ALFARO | D41: ALFARO | E41: BENITO | F41: 16054392-2 | N41: 1 | O41: 1 | P41: 1 | Q41: 1 | R41: 1 | S41: 1 | T41: 1 | U41: 1 | V41: 1 | W41: 1 | X41: 1 | Y41: 1 | Z41: 1 | AA41: 1 | AL41: =SUM(G41:AK41) -> 14 | AM41: 32000 | AN41: =AM41*AL41 -> 448000
A42: H3 | B42: 42 | C42: TECHELET | E42: PIERRE | F42: 25980292-K | N42: 1 | O42: 1 | P42: 1 | Q42: 1 | R42: 1 | S42: 1 | T42: 1 | U42: 1 | V42: 1 | W42: 1 | X42: 1 | Y42: 1 | Z42: 1 | AA42: 1 | AL42: =SUM(G42:AK42) -> 14 | AM42: 32000 | AN42: =AM42*AL42 -> 448000
A43: H3 | B43: 43 | C43: BALDEON | D43: PEÑA | E43: CLEMENTE | F43: 44472381-5 | N43: 1 | O43: 1 | P43: 1 | Q43: 1 | R43: 1 | S43: 1 | T43: 1 | U43: 1 | V43: 1 | W43: 1 | X43: 1 | Y43: 1 | Z43: 1 | AA43: 1 | AL43: =SUM(G43:AK43) -> 14 | AM43: 32000 | AN43: =AM43*AL43 -> 448000
A44: H3 | B44: 43 | C44: CAGLLAGUA | D44: ANGELINO | E44: HUGO | F44: 12484785-7 | N44: 1 | O44: 1 | P44: 1 | Q44: 1 | R44: 1 | S44: 1 | T44: 1 | U44: 1 | V44: 1 | W44: 1 | X44: 1 | Y44: 1 | Z44: 1 | AA44: 1 | AL44: =SUM(G44:AK44) -> 14 | AM44: 32000 | AN44: =AM44*AL44 -> 448000
A45: H3 | B45: 47 | C45: PANDURO | D45: DÍAZ | E45: BILLY | F45: 44472384-K | N45: 1 | O45: 1 | P45: 1 | Q45: 1 | R45: 1 | S45: 1 | T45: 1 | U45: 1 | V45: 1 | W45: 1 | X45: 1 | Y45: 1 | Z45: 1 | AA45: 1 | AL45: =SUM(G45:AK45) -> 14 | AM45: 32000 | AN45: =AM45*AL45 -> 448000
A46: H3 | B46: 47 | C46: MONTALUO | D46: JIMENEZ | E46: ERICK | F46: 33573989-2 | N46: 1 | O46: 1 | P46: 1 | Q46: 1 | R46: 1 | S46: 1 | T46: 1 | U46: 1 | V46: 1 | W46: 1 | X46: 1 | Y46: 1 | Z46: 1 | AA46: 1 | AL46: =SUM(G46:AK46) -> 14 | AM46: 32000 | AN46: =AM46*AL46 -> 448000
A47: H3 | B47: 47 | C47: URIBE | D47: VALENZUELA | E47: CARLOS | F47: 17209918-1 | S47: 1 | T47: 1 | U47: 1 | V47: 1 | W47: 1 | X47: 1 | Y47: 1 | Z47: 1 | AA47: 1 | AB47: 1 | AC47: 1 | AD47: 1 | AE47: 1 | AL47: =SUM(G47:AK47) -> 13 | AM47: 32000 | AN47: =AM47*AL47 -> 416000
A48: H3 | B48: 47 | C48: LORCA | D48: GONZALEZ | E48: JOSE | F48: 20188147-1 | S48: 1 | T48: 1 | U48: 1 | V48: 1 | W48: 1 | X48: 1 | Y48: 1 | Z48: 1 | AA48: 1 | AB48: 1 | AC48: 1 | AD48: 1 | AE48: 1 | AL48: =SUM(G48:AK48) -> 13 | AM48: 32000 | AN48: =AM48*AL48 -> 416000
A49: H3 | B49: 48 | C49: MERA | D49: VICENCIO | E49: CARLOS | F49: 22285961-1 | N49: 1 | O49: 1 | P49: 1 | Q49: 1 | R49: 1 | S49: 1 | T49: 1 | U49: 1 | V49: 1 | W49: 1 | X49: 1 | Y49: 1 | Z49: 1 | AA49: 1 | AL49: =SUM(G49:AK49) -> 14 | AM49: 32000 | AN49: =AM49*AL49 -> 448000
A50: H3 | B50: 48 | C50: VILLAR | D50: ARANDA | E50: MICHAEL | F50: 17905126-5 | N50: 1 | O50: 1 | P50: 1 | Q50: 1 | R50: 1 | S50: 1 | T50: 1 | U50: 1 | V50: 1 | W50: 1 | X50: 1 | Y50: 1 | Z50: 1 | AA50: 1 | AL50: =SUM(G50:AK50) -> 14 | AM50: 32000 | AN50: =AM50*AL50 -> 448000
A51: H3 | B51: 49 | C51: BEJAR | D51: QUISPE | E51: CARLOS | F51: 33186797-7 | O51: 1 | P51: 1 | Q51: 1 | R51: 1 | S51: 1 | T51: 1 | U51: 1 | V51: 1 | W51: 1 | X51: 1 | Y51: 1 | Z51: 1 | AA51: 1 | AB51: 1 | AL51: =SUM(G51:AK51) -> 14 | AM51: 32000 | AN51: =AM51*AL51 -> 448000
A52: H3 | B52: 49 | C52: OTERO | D52: ELLEN | E52: EVER | F52: 33659615-7 | O52: 1 | P52: 1 | Q52: 1 | R52: 1 | S52: 1 | T52: 1 | U52: 1 | V52: 1 | W52: 1 | X52: 1 | Y52: 1 | Z52: 1 | AA52: 1 | AB52: 1 | AL52: =SUM(G52:AK52) -> 14 | AM52: 32000 | AN52: =AM52*AL52 -> 448000
A53: H3 | B53: 49 | C53: CONTRERAS | D53: POLANCO | E53: JORGE | F53: 17287619-6 | S53: 1 | T53: 1 | U53: 1 | V53: 1 | W53: 1 | X53: 1 | Y53: 1 | Z53: 1 | AA53: 1 | AB53: 1 | AC53: 1 | AD53: 1 | AE53: 1 | AL53: =SUM(G53:AK53) -> 13 | AM53: 32000 | AN53: =AM53*AL53 -> 416000
A54: H3 | B54: 51 | C54: RAMOS | D54: JANAMPA | E54: RONY | F54: 44471941-9 | O54: 1 | P54: 1 | Q54: 1 | R54: 1 | S54: 1 | T54: 1 | U54: 1 | V54: 1 | W54: 1 | X54: 1 | Y54: 1 | Z54: 1 | AA54: 1 | AB54: 1 | AL54: =SUM(G54:AK54) -> 14 | AM54: 32000 | AN54: =AM54*AL54 -> 448000
A55: H3 | B55: 51 | C55: RODRÍGUEZ | D55: VARAS | E55: REYNER | F55: 33134892-9 | O55: 1 | P55: 1 | Q55: 1 | R55: 1 | S55: 1 | T55: 1 | U55: 1 | V55: 1 | W55: 1 | X55: 1 | Y55: 1 | Z55: 1 | AA55: 1 | AB55: 1 | AL55: =SUM(G55:AK55) -> 14 | AM55: 32000 | AN55: =AM55*AL55 -> 448000
A56: H3 | B56: 52 | C56: UQUICHE | D56: FLORES | E56: LUIS | F56: 33133566-5 | O56: 1 | P56: 1 | Q56: 1 | R56: 1 | S56: 1 | T56: 1 | U56: 1 | V56: 1 | W56: 1 | X56: 1 | Y56: 1 | Z56: 1 | AA56: 1 | AB56: 1 | AL56: =SUM(G56:AK56) -> 14 | AM56: 32000 | AN56: =AM56*AL56 -> 448000
A57: H3 | B57: 52 | C57: BERMEJO | D57: LEYTON | E57: JOSÉ | F57: 44471956-7 | O57: 1 | P57: 1 | Q57: 1 | R57: 1 | S57: 1 | T57: 1 | U57: 1 | V57: 1 | W57: 1 | X57: 1 | Y57: 1 | Z57: 1 | AA57: 1 | AB57: 1 | AL57: =SUM(G57:AK57) -> 14 | AM57: 32000 | AN57: =AM57*AL57 -> 448000
A58: H3 | B58: 53 | C58: DE LA CRUZ | D58: PAYTON | E58: VICTOR | F58: 23269394 | O58: 1 | P58: 1 | Q58: 1 | R58: 1 | S58: 1 | T58: 1 | U58: 1 | V58: 1 | W58: 1 | X58: 1 | Y58: 1 | Z58: 1 | AA58: 1 | AB58: 1 | AL58: =SUM(G58:AK58) -> 14 | AM58: 32000 | AN58: =AM58*AL58 -> 448000
A59: H3 | B59: 53 | C59: VARGAS | D59: PADILLA | E59: FELIX | F59: 44482481-1 | O59: 1 | P59: 1 | Q59: 1 | R59: 1 | S59: 1 | T59: 1 | U59: 1 | V59: 1 | W59: 1 | X59: 1 | Y59: 1 | Z59: 1 | AA59: 1 | AB59: 1 | AL59: =SUM(G59:AK59) -> 14 | AM59: 32000 | AN59: =AM59*AL59 -> 448000
A60: H3 | B60: 53 | C60: HERNANDEZ | D60: ZAVALA | E60: MICHAEL | F60: 20891578-9 | O60: 1 | P60: 1 | Q60: 1 | R60: 1 | S60: 1 | T60: 1 | U60: 1 | V60: 1 | W60: 1 | X60: 1 | Y60: 1 | Z60: 1 | AA60: 1 | AB60: 1 | AL60: =SUM(G60:AK60) -> 14 | AM60: 32000 | AN60: =AM60*AL60 -> 448000
A61: H3 | B61: 60 | C61: DÍAZ | D61: CALLE | E61: ODAR | F61: 12489712-3 | O61: 1 | P61: 1 | Q61: 1 | R61: 1 | S61: 1 | T61: 1 | U61: 1 | V61: 1 | W61: 1 | X61: 1 | Y61: 1 | Z61: 1 | AA61: 1 | AB61: 1 | AL61: =SUM(G61:AK61) -> 14 | AM61: 32000 | AN61: =AM61*AL61 -> 448000
A62: H3 | B62: 60 | C62: VILLAR | D62: FLORES | E62: EDGAR | F62: 12484756-5 | O62: 1 | P62: 1 | Q62: 1 | R62: 1 | S62: 1 | T62: 1 | U62: 1 | V62: 1 | W62: 1 | X62: 1 | Y62: 1 | Z62: 1 | AA62: 1 | AB62: 1 | AL62: =SUM(G62:AK62) -> 14 | AM62: 32000 | AN62: =AM62*AL62 -> 448000
A63: H3 | B63: 61 | C63: FUENTES | D63: CABRERA | E63: JAIME | F63: 14363777-8 | O63: 1 | P63: 1 | Q63: 1 | R63: 1 | S63: 1 | T63: 1 | U63: 1 | V63: 1 | W63: 1 | X63: 1 | Y63: 1 | Z63: 1 | AA63: 1 | AB63: 1 | AL63: =SUM(G63:AK63) -> 14 | AM63: 32000 | AN63: =AM63*AL63 -> 448000
A64: H3 | B64: 61 | C64: AMESTICA | D64: URBINA | E64: JORGE | F64: 19720960-7 | S64: 1 | T64: 1 | U64: 1 | V64: 1 | W64: 1 | X64: 1 | Y64: 1 | Z64: 1 | AA64: 1 | AB64: 1 | AC64: 1 | AD64: 1 | AE64: 1 | AL64: =SUM(G64:AK64) -> 13 | AM64: 32000 | AN64: =AM64*AL64 -> 416000
A65: H3 | B65: 62 | C65: CID | D65: RODRIGUEZ | E65: DAVID | F65: 13957122-3 | S65: 1 | T65: 1 | U65: 1 | V65: 1 | W65: 1 | X65: 1 | Y65: 1 | Z65: 1 | AA65: 1 | AB65: 1 | AC65: 1 | AD65: 1 | AE65: 1 | AL65: =SUM(G65:AK65) -> 13 | AM65: 32000 | AN65: =AM65*AL65 -> 416000
A66: H3 | B66: 81 | C66: VILLARREAL | D66: CERNA | E66: EDWARD | F66: 20101406-9 | S66: 1 | T66: 1 | U66: 1 | V66: 1 | W66: 1 | X66: 1 | Y66: 1 | Z66: 1 | AA66: 1 | AB66: 1 | AC66: 1 | AD66: 1 | AE66: 1 | AL66: =SUM(G66:AK66) -> 13 | AM66: 32000 | AN66: =AM66*AL66 -> 416000
A67: H3 | B67: 81 | C67: ACEVEDO | D67: LETELIER | E67: CRISTIAN | F67: 16856842-8 | S67: 1 | T67: 1 | U67: 1 | V67: 1 | W67: 1 | X67: 1 | Y67: 1 | Z67: 1 | AA67: 1 | AB67: 1 | AC67: 1 | AD67: 1 | AE67: 1 | AL67: =SUM(G67:AK67) -> 13 | AM67: 32000 | AN67: =AM67*AL67 -> 416000
A68: H3 | B68: 81 | C68: PINOCHET | D68: RETAMAL | E68: CONSUELO | F68: 17904147-2 | S68: 1 | AL68: =SUM(G68:AK68) -> 1 | AM68: 32000 | AN68: =AM68*AL68 -> 32000
A69: H3 | B69: 81 | C69: RIVERA | D69: ARANCIBIA | E69: DANIELA | F69: 18024668-1 | S69: 1 | AL69: =SUM(G69:AK69) -> 1 | AM69: 32000 | AN69: =AM69*AL69 -> 32000
A70: H3 | B70: 46 | C70: VILLAGRA | D70: GONZALEZ | E70: CHRISTOPHER | F70: 19376474-6 | AC70: 1 | AD70: 1 | AE70: 1 | AL70: =SUM(G70:AK70) -> 3 | AM70: 32000 | AN70: =AM70*AL70 -> 96000
A71: H3 | B71: 46 | C71: ORTIZ | D71: ORTIZ | E71: FRANCO | F71: 16504476-2 | AC71: 1 | AD71: 1 | AE71: 1 | AL71: =SUM(G71:AK71) -> 3 | AM71: 32000 | AN71: =AM71*AL71 -> 96000
A72: H3 | B72: 48 | C72: RODRÍGUEZ | D72: MUÑOZ | E72: JOSE | F72: 19908182-9 | AC72: 1 | AD72: 1 | AE72: 1 | AL72: =SUM(G72:AK72) -> 3 | AM72: 32000 | AN72: =AM72*AL72 -> 96000
A73: H3 | B73: 48 | C73: CANALES | D73: LAGOS | E73: MATIAS | F73: 21830481-8 | AC73: 1 | AD73: 1 | AE73: 1 | AL73: =SUM(G73:AK73) -> 3 | AM73: 32000 | AN73: =AM73*AL73 -> 96000
A74: H3 | B74: 51 | C74: LAGOS | D74: SILVA | E74: FABIAN | F74: 13151852-8 | AC74: 1 | AD74: 1 | AE74: 1 | AL74: =SUM(G74:AK74) -> 3 | AM74: 32000 | AN74: =AM74*AL74 -> 96000
A75: H3 | B75: 51 | C75: DIAZ | D75: GALLEGOS | E75: MANUEL | F75: 15247087-8 | AC75: 1 | AD75: 1 | AE75: 1 | AL75: =SUM(G75:AK75) -> 3 | AM75: 32000 | AN75: =AM75*AL75 -> 96000
A76: H3 | B76: 61 | C76: PARRA | D76: ESPINOZA | E76: MOISES | F76: 11901984-2 | AC76: 1 | AD76: 1 | AE76: 1 | AL76: =SUM(G76:AK76) -> 3 | AM76: 32000 | AN76: =AM76*AL76 -> 96000
A77: H3 | B77: 2 | C77: NUÑEZ | D77: CANCINO | E77: LUIS | F77: 15222340-4 | AC77: 1 | AD77: 1 | AE77: 1 | AL77: =SUM(G77:AK77) -> 3 | AM77: 32000 | AN77: =AM77*AL77 -> 96000
A78: H3 | B78: 2 | C78: MONTECINOS | D78: MANQUEO | E78: GUIDO | F78: 19478829-0 | AC78: 1 | AD78: 1 | AE78: 1 | AL78: =SUM(G78:AK78) -> 3 | AM78: 32000 | AN78: =AM78*AL78 -> 96000
A79: H3 | B79: 29 | C79: MOLINA | D79: JARPA | E79: GERARDO | F79: 14210107-6 | AC79: 1 | AD79: 1 | AE79: 1 | AL79: =SUM(G79:AK79) -> 3 | AM79: 32000 | AN79: =AM79*AL79 -> 96000
A80: H3 | B80: 29 | C80: LANDERO | D80: LANDERO | E80: JUAN | F80: 11241778-8 | AC80: 1 | AD80: 1 | AE80: 1 | AL80: =SUM(G80:AK80) -> 3 | AM80: 32000 | AN80: =AM80*AL80 -> 96000
A81: H3 | B81: 61 | C81: VELOSO | D81: BURGOS | E81: ENRIQUE | F81: 10562108-K | AC81: 1 | AD81: 1 | AE81: 1 | AL81: =SUM(G81:AK81) -> 3 | AM81: 32000 | AN81: =AM81*AL81 -> 96000
A82: H3 | B82: R | C82: MENDOZA | D82: CONTRERAS | E82: BASTIAN | F82: 20712537-7 | N82: 1 | AL82: =SUM(G82:AK82) -> 1 | AM82: 32000 | AN82: =AM82*AL82 -> 32000
A83: H3 | B83: R | C83: SALAZAR | D83: COLLAO | E83: JUAN | F83: 11161352-4 | N83: 1 | AL83: =SUM(G83:AK83) -> 1 | AM83: 32000 | AN83: =AM83*AL83 -> 32000
A84: H3 | B84: 2 | C84: NUÑEZ | D84: CANCINO | E84: LUIS | F84: 15222340-4 | AF84: 1 | AG84: 1 | AH84: 1 | AI84: 1 | AJ84: 1 | AK84: 1 | AL84: =SUM(G84:AK84) -> 6 | AM84: 32000 | AN84: =AM84*AL84 -> 192000
A85: H3 | B85: 2 | C85: MONTECINOS | D85: MANQUEO | E85: GUIDO | F85: 19478829-0 | AF85: 1 | AG85: 1 | AH85: 1 | AI85: 1 | AJ85: 1 | AK85: 1 | AL85: =SUM(G85:AK85) -> 6 | AM85: 32000 | AN85: =AM85*AL85 -> 192000
A86: H3 | B86: 29 | C86: MOLINA | D86: JARPA | E86: GERARDO | F86: 14210107-6 | AF86: 1 | AG86: 1 | AH86: 1 | AI86: 1 | AJ86: 1 | AK86: 1 | AL86: =SUM(G86:AK86) -> 6 | AM86: 32000 | AN86: =AM86*AL86 -> 192000
A87: H3 | B87: 29 | C87: LANDERO | D87: LANDERO | E87: JUAN | F87: 11241778-8 | AF87: 1 | AG87: 1 | AH87: 1 | AI87: 1 | AJ87: 1 | AK87: 1 | AL87: =SUM(G87:AK87) -> 6 | AM87: 32000 | AN87: =AM87*AL87 -> 192000
A88: H3 | B88: 46 | C88: VILLAGRA | D88: GONZALEZ | E88: CHRISTOPHER | F88: 19376474-6 | AF88: 1 | AG88: 1 | AH88: 1 | AI88: 1 | AJ88: 1 | AK88: 1 | AL88: =SUM(G88:AK88) -> 6 | AM88: 32000 | AN88: =AM88*AL88 -> 192000
A89: H3 | B89: 46 | C89: ORTIZ | D89: ORTIZ | E89: FRANCO | F89: 16504476-2 | AF89: 1 | AG89: 1 | AH89: 1 | AI89: 1 | AJ89: 1 | AK89: 1 | AL89: =SUM(G89:AK89) -> 6 | AM89: 32000 | AN89: =AM89*AL89 -> 192000
A90: H3 | B90: 48 | C90: RODRÍGUEZ | D90: MUÑOZ | E90: JOSE | F90: 19908182-9 | AF90: 1 | AG90: 1 | AH90: 1 | AI90: 1 | AJ90: 1 | AK90: 1 | AL90: =SUM(G90:AK90) -> 6 | AM90: 32000 | AN90: =AM90*AL90 -> 192000
A91: H3 | B91: 48 | C91: CANALES | D91: LAGOS | E91: MATIAS | F91: 21830481-8 | AF91: 1 | AG91: 1 | AH91: 1 | AI91: 1 | AJ91: 1 | AK91: 1 | AL91: =SUM(G91:AK91) -> 6 | AM91: 32000 | AN91: =AM91*AL91 -> 192000
A92: H3 | B92: 49 | C92: CONTRERAS | D92: POLANCO | E92: JORGE | F92: 17287619-6 | AF92: 1 | AG92: 1 | AH92: 1 | AI92: 1 | AJ92: 1 | AK92: 1 | AL92: =SUM(G92:AK92) -> 6 | AM92: 32000 | AN92: =AM92*AL92 -> 192000
A93: H3 | B93: 51 | C93: LAGOS | D93: SILVA | E93: FABIAN | F93: 13151852-8 | AF93: 1 | AG93: 1 | AH93: 1 | AI93: 1 | AJ93: 1 | AK93: 1 | AL93: =SUM(G93:AK93) -> 6 | AM93: 32000 | AN93: =AM93*AL93 -> 192000
A94: H3 | B94: 51 | C94: DIAZ | D94: GALLEGOS | E94: MANUEL | F94: 15247087-8 | AF94: 1 | AG94: 1 | AH94: 1 | AI94: 1 | AJ94: 1 | AK94: 1 | AL94: =SUM(G94:AK94) -> 6 | AM94: 32000 | AN94: =AM94*AL94 -> 192000
A95: H3 | B95: 53 | C95: HERNANDEZ | D95: ZAVALA | E95: MICHAEL | F95: 20891578-9 | AF95: 1 | AG95: 1 | AH95: 1 | AI95: 1 | AJ95: 1 | AK95: 1 | AL95: =SUM(G95:AK95) -> 6 | AM95: 32000 | AN95: =AM95*AL95 -> 192000
... A98: H3 | B98: 61 | C98: VELOSO | D98: BURGOS | E98: ENRIQUE | F98: 10562108-K | AF98: 1 | AG98: 1 | AH98: 1 | AI98: 1 | AJ98: 1 | AK98: 1 | AL98: =SUM(G98:AK98) -> 6 | AM98: 32000 | AN98: =AM98*AL98 -> 192000
G100: =SUM(G28:G99) -> 0 | H100: =SUM(H28:H99) -> 0 | I100: =SUM(I28:I99) -> 0 | J100: =SUM(J28:J99) -> 0 | K100: =SUM(K28:K99) -> 0 | L100: =SUM(L28:L99) -> 0 | M100: =SUM(M28:M99) -> 0 | N100: =SUM(N28:N99) -> 22 | ... AK100: =SUM(AK28:AK99) -> 15 | AL100: =SUM(AL10:AL99) -> 895
AM102: TOTAL | AN102: =SUM(AN10:AN101) -> 28640000
A104: CORRELATIVO N°2 | G104: 45778 | H104: 45779 | I104: 45780 | J104: 45781 | K104: 45782 | L104: 45783 | M104: 45784 | N104: 45785 | O104: 45786 | P104: 45787 | Q104: 45788 | R104: 45789 | S104: 45790 | T104: 45791 | U104: 45792 | V104: 45793 | W104: 45794 | X104: 45795 | Y104: 45796 | Z104: 45797 | AA104: 45798 | AB104: 45799 | AC104: 45800 | AD104: 45801 | AE104: 45802 | AF104: 45803 | AG104: 45804 | AH104: 45805 | AI104: 45806 | AJ104: 45807 | AK104: 45808 | AL104: 01 AL 31 DE MAYO
A107: ALMUERZOS | AL107: D. OCUP | AM107: V. OCUP | AN107: T. OCUP.
A108: 1 | B108: ALMUERZOS | AL108: =SUM(G108:AK108) -> 0 | AM108: 8500 | AN108: =AM108*AL108 -> 0
AM110: ALOJAMIENTO | AN110: =AN102 -> 28640000
AM111: ALMUERZOS | AN111: =AN108 -> 0

Sheet ACONCAGUA
A6: CORRELATIVO N°2 | G6: 45778 | H6: 45779 | I6: 45780 | J6: 45781 | K6: 45782 | L6: 45783 | M6: 45784 | N6: 45785 | O6: 45786 | P6: 45787 | Q6: 45788 | R6: 45789 | S6: 45790 | T6: 45791 | U6: 45792 | V6: 45793 | W6: 45794 | X6: 45795 | Y6: 45796 | Z6: 45797 | AA6: 45798 | AB6: 45799 | AC6: 45800 | AD6: 45801 | AE6: 45802 | AF6: 45803 | AG6: 45804 | AH6: 45805 | AI6: 45806 | AJ6: 45807 | AK6: 45808 | AL6: 01 AL 31 DE MAYO
B9: HAB | C9: APELLIDO PATERNO | D9: APELLIDO MATERNO | E9: NOMBRE | F9: RUT | AL9: D. OCUP | AM9: V. OCUP | AN9: T. OCUP.
A10: AC | B10: 205 | C10: CUETO | E10: SUSUNA | F10: 13225829-5 | G10: 1 | H10: 1 | I10: 1 | J10: 1 | K10: 1 | L10: 1 | AL10: =SUM(G10:AK10) -> 6 | AM10: 33000 | AN10: =AM10*AL10 -> 198000
A11: AC | B11: 205 | C11: RIVERA | E11: DANIELA | F11: 18024668-1 | G11: 1 | H11: 1 | I11: 1 | J11: 1 | K11: 1 | L11: 1 | AL11: =SUM(G11:AK11) -> 6 | AM11: 33000 | AN11: =AM11*AL11 -> 198000
A12: AC | B12: 302 | C12: SANDOVAL | E12: GISELA | F12: 19120950-8 | G12: 1 | H12: 1 | I12: 1 | J12: 1 | K12: 1 | L12: 1 | AL12: =SUM(G12:AK12) -> 6 | AM12: 33000 | AN12: =AM12*AL12 -> 198000
A13: AC | B13: 302 | C13: PINOCHET | D13: RETAMAL | E13: CONSUELO | F13: 17904147-2 | G13: 1 | H13: 1 | I13: 1 | J13: 1 | K13: 1 | L13: 1 | AL13: =SUM(G13:AK13) -> 6 | AM13: 33000 | AN13: =AM13*AL13 -> 198000
A14: AC | B14: 401 | C14: ALTAMIRANO | E14: JUAN | F14: 11960350-1 | G14: 1 | AL14: =SUM(G14:AK14) -> 1 | AM14: 60000 | AN14: =AM14*AL14 -> 60000
A15: AC | B15: 401 | C15: RODRIGUEZ | D15: CARRASCO | E15: PABLO | F15: 18709818-1 | H15: 1 | I15: 1 | AL15: =SUM(G15:AK15) -> 2 | AM15: 33000 | AN15: =AM15*AL15 -> 66000
A16: AC | B16: 401 | C16: ARROYO | E16: PATRICIO | F16: 14472229-9 | H16: 1 | I16: 1 | AL16: =SUM(G16:AK16) -> 2 | AM16: 33000 | AN16: =AM16*AL16 -> 66000
A17: AC | B17: 401 | C17: ALTAMIRANO | E17: JUAN | F17: 11960350-1 | K17: 1 | L17: 1 | AL17: =SUM(G17:AK17) -> 2 | AM17: 33000 | AN17: =AM17*AL17 -> 66000
A18: AC | B18: 401 | C18: AGUILERA | E18: JORGE | F18: 19122318-7 | L18: 1 | AL18: =SUM(G18:AK18) -> 1 | AM18: 33000 | AN18: =AM18*AL18 -> 33000
A19: AC | B19: 404 | C19: ARROYO | E19: PATRICIO | F19: 14472229-9 | G19: 1 | J19: 1 | K19: 1 | L19: 1 | AL19: =SUM(G19:AK19) -> 4 | AM19: 33000 | AN19: =AM19*AL19 -> 132000
A20: AC | B20: 404 | C20: GUTIERREZ | E20: JUAN | F20: 17211423-7 | G20: 1 | H20: 1 | I20: 1 | J20: 1 | K20: 1 | L20: 1 | AL20: =SUM(G20:AK20) -> 6 | AM20: 33000 | AN20: =AM20*AL20 -> 198000
A21: AC | B21: 404 | C21: SEPULVEDA | E21: GONZALO | F21: 18408247-0 | H21: 1 | I21: 1 | AL21: =SUM(G21:AK21) -> 2 | AM21: 33000 | AN21: =AM21*AL21 -> 66000
A22: AC | B22: 406 | C22: SOTO | D22: HERRERA | E22: MARIA | F22: 19797369-2 | J22: 1 | K22: 1 | L22: 1 | AL22: =SUM(G22:AK22) -> 3 | AM22: 60000 | AN22: =AM22*AL22 -> 180000
A23: AC | B23: 507 | C23: COVARRUBIA | E23: JAVIERA | F23: 17353868-5 | G23: 1 | AL23: =SUM(G23:AK23) -> 1 | AM23: 60000 | AN23: =AM23*AL23 -> 60000
A24: AC | B24: 604 | C24: COVARRUBIA | E24: JAVIERA | F24: 17353868-5 | H24: 1 | I24: 1 | J24: 1 | K24: 1 | L24: 1 | AL24: =SUM(G24:AK24) -> 5 | AM24: 33000 | AN24: =AM24*AL24 -> 165000
A25: AC | B25: 604 | C25: TOLOZA | D25: ARROYO | E25: KATHERINE | F25: 15188041-K | H25: 1 | I25: 1 | J25: 1 | K25: 1 | L25: 1 | AL25: =SUM(G25:AK25) -> 5 | AM25: 33000 | AN25: =AM25*AL25 -> 165000
A26: AC | B26: 903 | C26: OLIVARES | D26: MIGUELES | E26: GONZALO | F26: 18843149-6 | G26: 1 | H26: 1 | I26: 1 | J26: 1 | K26: 1 | L26: 1 | AL26: =SUM(G26:AK26) -> 6 | AM26: 33000 | AN26: =AM26*AL26 -> 198000
A27: AC | B27: 903 | C27: MOSCOSO | E27: DANIEL | F27: 17678108-4 | G27: 1 | H27: 1 | I27: 1 | J27: 1 | K27: 1 | L27: 1 | AL27: =SUM(G27:AK27) -> 6 | AM27: 33000 | AN27: =AM27*AL27 -> 198000
A28: AC | B28: 1101 | C28: SEPULVEDA | E28: FERNANDO | F28: 17319810-8 | G28: 1 | H28: 1 | I28: 1 | J28: 1 | K28: 1 | L28: 1 | AL28: =SUM(G28:AK28) -> 6 | AM28: 33000 | AN28: =AM28*AL28 -> 198000
A29: AC | B29: 1101 | C29: AMESTICA | E29: JORGE | F29: 19720960-7 | G29: 1 | H29: 1 | I29: 1 | J29: 1 | K29: 1 | L29: 1 | AL29: =SUM(G29:AK29) -> 6 | AM29: 33000 | AN29: =AM29*AL29 -> 198000
A30: AC | B30: 1402 | C30: QUEVEDO | E30: CRISTOBAL | F30: 19359014-4 | G30: 1 | H30: 1 | I30: 1 | J30: 1 | K30: 1 | L30: 1 | AL30: =SUM(G30:AK30) -> 6 | AM30: 33000 | AN30: =AM30*AL30 -> 198000
A31: AC | B31: 1402 | C31: AGUILERA | E31: JORGE | F31: 19122318-7 | G31: 1 | H31: 1 | I31: 1 | AL31: =SUM(G31:AK31) -> 3 | AM31: 33000 | AN31: =AM31*AL31 -> 99000
A32: AC | B32: 1304 | C32: RODRIGUEZ | D32: CARRASCO | E32: PABLO | F32: 18709818-1 | G32: 1 | AL32: =SUM(G32:AK32) -> 1 | AM32: 33000 | AN32: =AM32*AL32 -> 33000
A33: AC | B33: 403 | C33: TOLOSA | D33: ARROYO | E33: KATHERINE | F33: 15188041-K | G33: 1 | AL33: =SUM(G33:AK33) -> 1 | AM33: 33000 | AN33: =AM33*AL33 -> 33000
A34: AC | B34: 205 | C34: PEREZ | E34: MARIA F | F34: 18785701-5 | M34: 1 | N34: 1 | O34: 1 | P34: 1 | Q34: 1 | R34: 1 | S34: 1 | AL34: =SUM(G34:AK34) -> 7 | AM34: 33000 | AN34: =AM34*AL34 -> 231000
A35: AC | B35: 205 | C35: CERECEDA | E35: SOLANGE | F35: 17172403-1 | M35: 1 | N35: 1 | O35: 1 | P35: 1 | Q35: 1 | R35: 1 | S35: 1 | AL35: =SUM(G35:AK35) -> 7 | AM35: 33000 | AN35: =AM35*AL35 -> 231000
A36: AC | B36: 302 | C36: BERNARD | E36: FERNANDO | F36: 17137085-K | M36: 1 | N36: 1 | O36: 1 | P36: 1 | Q36: 1 | R36: 1 | S36: 1 | AL36: =SUM(G36:AK36) -> 7 | AM36: 33000 | AN36: =AM36*AL36 -> 231000
A37: AC | B37: 302 | C37: ARCHILES | E37: FELIX | F37: 17137111-2 | M37: 1 | N37: 1 | O37: 1 | P37: 1 | Q37: 1 | R37: 1 | S37: 1 | AL37: =SUM(G37:AK37) -> 7 | AM37: 33000 | AN37: =AM37*AL37 -> 231000
A38: AC | B38: 401 | C38: ALTAMIRANO | E38: JUAN | F38: 11960350-1 | M38: 1 | AL38: =SUM(G38:AK38) -> 1 | AM38: 33000 | AN38: =AM38*AL38 -> 33000
A39: AC | B39: 401 | C39: AGUILERA | E39: JORGE | F39: 19122318-7 | M39: 1 | AL39: =SUM(G39:AK39) -> 1 | AM39: 33000 | AN39: =AM39*AL39 -> 33000
A40: AC | B40: 404 | C40: ARROYO | E40: PATRICIO | F40: 14472229-9 | M40: 1 | N40: 1 | O40: 1 | P40: 1 | Q40: 1 | R40: 1 | S40: 1 | AL40: =SUM(G40:AK40) -> 7 | AM40: 33000 | AN40: =AM40*AL40 -> 231000
A41: AC | B41: 404 | C41: AZOCAR | D41: CORNEJO | E41: NICOLAS | F41: 19114498-8 | M41: 1 | AL41: =SUM(G41:AK41) -> 1 | AM41: 33000 | AN41: =AM41*AL41 -> 33000
A42: AC | B42: 404 | C42: SEPULVEDA | E42: GONZALO | F42: 18408247-0 | N42: 1 | O42: 1 | P42: 1 | Q42: 1 | R42: 1 | S42: 1 | AL42: =SUM(G42:AK42) -> 6 | AM42: 33000 | AN42: =AM42*AL42 -> 198000
A43: AC | B43: 406 | C43: SOTO | D43: HERRERA | E43: MARIA | F43: 19797369-2 | M43: 1 | AL43: =SUM(G43:AK43) -> 1 | AM43: 60000 | AN43: =AM43*AL43 -> 60000
A44: AC | B44: 604 | C44: TOLOZA | E44: KATHERINE | F44: 15188041-1 | M44: 1 | AL44: =SUM(G44:AK44) -> 1 | AM44: 33000 | AN44: =AM44*AL44 -> 33000
A45: AC | B45: 604 | C45: AZOCAR | D45: CORNEJO | E45: NICOLAS | F45: 19114498-8 | N45: 1 | O45: 1 | P45: 1 | Q45: 1 | R45: 1 | S45: 1 | AL45: =SUM(G45:AK45) -> 6 | AM45: 33000 | AN45: =AM45*AL45 -> 198000
A46: AC | B46: 604 | C46: AGUILERA | E46: JORGE | F46: 19122318-7 | N46: 1 | O46: 1 | P46: 1 | Q46: 1 | R46: 1 | S46: 1 | AL46: =SUM(G46:AK46) -> 6 | AM46: 33000 | AN46: =AM46*AL46 -> 198000
A47: AC | B47: 903 | C47: CARRASCO | E47: FELIPE | F47: 16690731-4 | M47: 1 | N47: 1 | O47: 1 | P47: 1 | Q47: 1 | R47: 1 | S47: 1 | AL47: =SUM(G47:AK47) -> 7 | AM47: 33000 | AN47: =AM47*AL47 -> 231000
A48: AC | B48: 903 | C48: ZARATE | E48: FABIAN | F48: 18150201-0 | M48: 1 | N48: 1 | O48: 1 | P48: 1 | Q48: 1 | R48: 1 | S48: 1 | AL48: =SUM(G48:AK48) -> 7 | AM48: 33000 | AN48: =AM48*AL48 -> 231000
A49: AC | B49: 1101 | C49: VALENZUELA | D49: BUSTOS | E49: VICTORIA | F49: 19120001-2 | M49: 1 | N49: 1 | O49: 1 | P49: 1 | Q49: 1 | R49: 1 | S49: 1 | AL49: =SUM(G49:AK49) -> 7 | AM49: 33000 | AN49: =AM49*AL49 -> 231000
A50: AC | B50: 1101 | C50: BARRIENTOS | D50: URQUIZA | E50: ROCIO | F50: 19907354-0 | M50: 1 | N50: 1 | O50: 1 | P50: 1 | Q50: 1 | R50: 1 | S50: 1 | AL50: =SUM(G50:AK50) -> 7 | AM50: 33000 | AN50: =AM50*AL50 -> 231000
A51: AC | B51: 1402 | C51: CORNEJO | D51: OCHOA | E51: RONALD | F51: 13507456-K | M51: 1 | N51: 1 | O51: 1 | P51: 1 | Q51: 1 | R51: 1 | S51: 1 | AL51: =SUM(G51:AK51) -> 7 | AM51: 33000 | AN51: =AM51*AL51 -> 231000
A52: AC | B52: 1402 | C52: JORGE | E52: DUARTE | F52: 9635487-8 | M52: 1 | N52: 1 | O52: 1 | P52: 1 | Q52: 1 | R52: 1 | S52: 1 | AL52: =SUM(G52:AK52) -> 7 | AM52: 33000 | AN52: =AM52*AL52 -> 231000
A53: AC | B53: 302 | C53: SEPULVEDA | E53: FERNANDO | F53: 17319810-8 | T53: 1 | U53: 1 | V53: 1 | W53: 1 | X53: 1 | Y53: 1 | Z53: 1 | AL53: =SUM(G53:AK53) -> 7 | AM53: 33000 | AN53: =AM53*AL53 -> 231000
A54: AC | B54: 302 | C54: QUEVEDO | E54: CRISTOBAL | F54: 19359014-4 | T54: 1 | U54: 1 | V54: 1 | W54: 1 | X54: 1 | Y54: 1 | Z54: 1 | AL54: =SUM(G54:AK54) -> 7 | AM54: 33000 | AN54: =AM54*AL54 -> 231000
A55: AC | B55: 404 | C55: ARROYO | E55: PATRICIO | F55: 14472229-9 | T55: 1 | U55: 1 | V55: 1 | W55: 1 | X55: 1 | Y55: 1 | Z55: 1 | AL55: =SUM(G55:AK55) -> 7 | AM55: 33000 | AN55: =AM55*AL55 -> 231000
A56: AC | B56: 404 | C56: OLIVARES | E56: GONZALO | F56: 18843149-6 | T56: 1 | U56: 1 | V56: 1 | W56: 1 | X56: 1 | Y56: 1 | Z56: 1 | AL56: =SUM(G56:AK56) -> 7 | AM56: 33000 | AN56: =AM56*AL56 -> 231000
A57: AC | B57: 405 | C57: BRUNA | E57: EDUARDO | F57: 16325978-8 | T57: 1 | U57: 1 | V57: 1 | W57: 1 | X57: 1 | Y57: 1 | Z57: 1 | AL57: =SUM(G57:AK57) -> 7 | AM57: 33000 | AN57: =AM57*AL57 -> 231000
A58: AC | B58: 405 | C58: AMESTICA | E58: JORGE | F58: 19720960-7 | T58: 1 | U58: 1 | V58: 1 | W58: 1 | X58: 1 | Y58: 1 | Z58: 1 | AL58: =SUM(G58:AK58) -> 7 | AM58: 33000 | AN58: =AM58*AL58 -> 231000
A59: AC | B59: 604 | C59: COBARUBIA | E59: JAVIERA | F59: 17353868-5 | T59: 1 | U59: 1 | V59: 1 | W59: 1 | X59: 1 | Y59: 1 | Z59: 1 | AL59: =SUM(G59:AK59) -> 7 | AM59: 33000 | AN59: =AM59*AL59 -> 231000
A60: AC | B60: 604 | C60: TOLOZA | E60: KATHERINE | F60: 15188041-K | T60: 1 | U60: 1 | V60: 1 | W60: 1 | X60: 1 | Y60: 1 | Z60: 1 | AL60: =SUM(G60:AK60) -> 7 | AM60: 33000 | AN60: =AM60*AL60 -> 231000
A61: AC | B61: 903 | C61: CUETO | E61: SUSANA | F61: 13225829-5 | T61: 1 | U61: 1 | V61: 1 | W61: 1 | X61: 1 | Y61: 1 | Z61: 1 | AL61: =SUM(G61:AK61) -> 7 | AM61: 33000 | AN61: =AM61*AL61 -> 231000
A62: AC | B62: 903 | C62: RIVERA | E62: DANIELA | F62: 18024668-1 | T62: 1 | U62: 1 | V62: 1 | W62: 1 | X62: 1 | Y62: 1 | Z62: 1 | AL62: =SUM(G62:AK62) -> 7 | AM62: 33000 | AN62: =AM62*AL62 -> 231000
A63: AC | B63: 1101 | C63: SANDOVAL | E63: GISELA | F63: 19120950-8 | T63: 1 | U63: 1 | V63: 1 | W63: 1 | X63: 1 | Y63: 1 | Z63: 1 | AL63: =SUM(G63:AK63) -> 7 | AM63: 33000 | AN63: =AM63*AL63 -> 231000
A64: AC | B64: 1101 | C64: PINOCHET | E64: CONSUELO | F64: 17904147-2 | T64: 1 | U64: 1 | V64: 1 | W64: 1 | X64: 1 | Y64: 1 | Z64: 1 | AL64: =SUM(G64:AK64) -> 7 | AM64: 33000 | AN64: =AM64*AL64 -> 231000
A65: AC | B65: 1402 | C65: MOSCOSO | E65: DANIEL | F65: 17678108-4 | T65: 1 | U65: 1 | Y65: 1 | Z65: 1 | AL65: =SUM(G65:AK65) -> 4 | AM65: 33000 | AN65: =AM65*AL65 -> 132000
A66: AC | B66: 1402 | C66: DUARTE | D66: GOMEZ | E66: JORGE | F66: 9635487-8 | T66: 1 | U66: 1 | V66: 1 | W66: 1 | X66: 1 | Y66: 1 | Z66: 1 | AL66: =SUM(G66:AK66) -> 7 | AM66: 33000 | AN66: =AM66*AL66 -> 231000
A67: AC | B67: 302 | C67: ZARATE | E67: FABIAN | F67: 18150201-0 | AA67: 1 | AB67: 1 | AC67: 1 | AD67: 1 | AE67: 1 | AF67: 1 | AG67: 1 | AL67: =SUM(G67:AK67) -> 7 | AM67: 33000 | AN67: =AM67*AL67 -> 231000
A68: AC | B68: 302 | C68: SEPULVEDA | E68: GONZALO | F68: 18408247-0 | AA68: 1 | AB68: 1 | AC68: 1 | AD68: 1 | AE68: 1 | AF68: 1 | AG68: 1 | AL68: =SUM(G68:AK68) -> 7 | AM68: 33000 | AN68: =AM68*AL68 -> 231000
A69: AC | B69: 404 | C69: BERNARD | E69: FERNANDO | F69: 17137085-K | AA69: 1 | AB69: 1 | AC69: 1 | AD69: 1 | AE69: 1 | AF69: 1 | AG69: 1 | AL69: =SUM(G69:AK69) -> 7 | AM69: 33000 | AN69: =AM69*AL69 -> 231000
A70: AC | B70: 404 | C70: TENORIO | E70: JOSE | F70: 19365127-5 | AA70: 1 | AB70: 1 | AC70: 1 | AD70: 1 | AE70: 1 | AF70: 1 | AG70: 1 | AL70: =SUM(G70:AK70) -> 7 | AM70: 33000 | AN70: =AM70*AL70 -> 231000
A71: AC | B71: 405 | C71: CARRASCO | E71: FELIPE | F71: 16690731-4 | AA71: 1 | AB71: 1 | AC71: 1 | AD71: 1 | AE71: 1 | AF71: 1 | AG71: 1 | AL71: =SUM(G71:AK71) -> 7 | AM71: 33000 | AN71: =AM71*AL71 -> 231000
A72: AC | B72: 405 | C72: ARCHILES | E72: FELIX | F72: 17137111-2 | AA72: 1 | AB72: 1 | AC72: 1 | AD72: 1 | AE72: 1 | AF72: 1 | AG72: 1 | AL72: =SUM(G72:AK72) -> 7 | AM72: 33000 | AN72: =AM72*AL72 -> 231000
A73: AC | B73: 604 | C73: AZOCAR | D73: CORNEJO | E73: NICOLAS | F73: 19114498-8 | AA73: 1 | AB73: 1 | AC73: 1 | AD73: 1 | AE73: 1 | AF73: 1 | AG73: 1 | AL73: =SUM(G73:AK73) -> 7 | AM73: 33000 | AN73: =AM73*AL73 -> 231000
A74: AC | B74: 604 | C74: CORNEJO | D74: OCHOA | E74: RONALD | F74: 13507456-K | AA74: 1 | AB74: 1 | AL74: =SUM(G74:AK74) -> 2 | AM74: 33000 | AN74: =AM74*AL74 -> 66000
A75: AC | B75: 604 | C75: GALAZ | D75: GONZALEZ | E75: ALEJANDRO | F75: 19527019-3 | AC75: 1 | AD75: 1 | AE75: 1 | AF75: 1 | AG75: 1 | AL75: =SUM(G75:AK75) -> 5 | AM75: 33000 | AN75: =AM75*AL75 -> 165000
A76: AC | B76: 904 | C76: AGUILERA | E76: JORGE | F76: 19122318-7 | AA76: 1 | AB76: 1 | AC76: 1 | AD76: 1 | AE76: 1 | AF76: 1 | AG76: 1 | AL76: =SUM(G76:AK76) -> 7 | AM76: 33000 | AN76: =AM76*AL76 -> 231000
A77: AC | B77: 904 | C77: MOSCOSO | E77: DANIEL | F77: 17678108-4 | AE77: 1 | AF77: 1 | AG77: 1 | AL77: =SUM(G77:AK77) -> 3 | AM77: 33000 | AN77: =AM77*AL77 -> 99000
A78: AC | B78: 903 | C78: CERECEDA | E78: SOLANGE | F78: 17172403-1 | AA78: 1 | AB78: 1 | AC78: 1 | AD78: 1 | AE78: 1 | AF78: 1 | AG78: 1 | AL78: =SUM(G78:AK78) -> 7 | AM78: 33000 | AN78: =AM78*AL78 -> 231000
A79: AC | B79: 903 | C79: PEREZ | E79: MARIA F | F79: 18785701-5 | AA79: 1 | AB79: 1 | AC79: 1 | AD79: 1 | AF79: 1 | AG79: 1 | AL79: =SUM(G79:AK79) -> 6 | AM79: 33000 | AN79: =AM79*AL79 -> 198000
A80: AC | B80: 1101 | C80: BARRIENTOS | D80: URQUIZA | E80: ROCIO | F80: 19907354-0 | AA80: 1 | AB80: 1 | AC80: 1 | AD80: 1 | AE80: 1 | AF80: 1 | AG80: 1 | AL80: =SUM(G80:AK80) -> 7 | AM80: 33000 | AN80: =AM80*AL80 -> 231000
A81: AC | B81: 1101 | C81: VALENZUELA | D81: BUSTOS | E81: VICTORIA | F81: 19120001-2 | AA81: 1 | AB81: 1 | AC81: 1 | AD81: 1 | AE81: 1 | AF81: 1 | AG81: 1 | AL81: =SUM(G81:AK81) -> 7 | AM81: 33000 | AN81: =AM81*AL81 -> 231000
A82: AC | B82: 1402 | C82: MOSCOSO | E82: DANIEL | F82: 17678108-4 | AA82: 1 | AB82: 1 | AL82: =SUM(G82:AK82) -> 2 | AM82: 33000 | AN82: =AM82*AL82 -> 66000
A83: AC | B83: 1402 | C83: DUARTE | D83: GOMEZ | E83: JORGE | F83: 9635487-8 | AA83: 1 | AB83: 1 | AC83: 1 | AD83: 1 | AE83: 1 | AF83: 1 | AG83: 1 | AL83: =SUM(G83:AK83) -> 7 | AM83: 33000 | AN83: =AM83*AL83 -> 231000
A84: AC | B84: 1402 | C84: CORNEJO | D84: OCHOA | E84: RONALD | F84: 13507456-K | AC84: 1 | AD84: 1 | AE84: 1 | AF84: 1 | AG84: 1 | AL84: =SUM(G84:AK84) -> 5 | AM84: 33000 | AN84: =AM84*AL84 -> 165000
A85: AC | B85: 205 | C85: DÍAZ | E85: VALENTINA | F85: 17764546-K | AH85: 1 | AI85: 1 | AJ85: 1 | AK85: 1 | AL85: =SUM(G85:AK85) -> 4 | AM85: 33000 | AN85: =AM85*AL85 -> 132000
A86: AC | B86: 205 | C86: CARRASCO | E86: CINTHIA | F86: 19278451-3 | AH86: 1 | AI86: 1 | AJ86: 1 | AK86: 1 | AL86: =SUM(G86:AK86) -> 4 | AM86: 33000 | AN86: =AM86*AL86 -> 132000
A87: AC | B87: 302 | C87: OLIVARES | E87: GONZALO | F87: 18843149-6 | AH87: 1 | AI87: 1 | AJ87: 1 | AK87: 1 | AL87: =SUM(G87:AK87) -> 4 | AM87: 33000 | AN87: =AM87*AL87 -> 132000
A88: AC | B88: 302 | C88: SEPULVEDA | E88: FERNANDO | F88: 17319810-8 | AH88: 1 | AI88: 1 | AJ88: 1 | AK88: 1 | AL88: =SUM(G88:AK88) -> 4 | AM88: 33000 | AN88: =AM88*AL88 -> 132000
A89: AC | B89: 404 | C89: BRUNA | E89: EDUARDO | F89: 16325978-8 | AH89: 1 | AI89: 1 | AJ89: 1 | AK89: 1 | AL89: =SUM(G89:AK89) -> 4 | AM89: 33000 | AN89: =AM89*AL89 -> 132000
A90: AC | B90: 404 | C90: QUEVEDO | E90: CRISTÓBAL | F90: 19359014-4 | AH90: 1 | AI90: 1 | AJ90: 1 | AK90: 1 | AL90: =SUM(G90:AK90) -> 4 | AM90: 33000 | AN90: =AM90*AL90 -> 132000
A91: AC | B91: 604 | C91: GALAZ | D91: GONZALEZ | E91: ALEJANDRO | F91: 19527019-8 | AH91: 1 | AI91: 1 | AJ91: 1 | AK91: 1 | AL91: =SUM(G91:AK91) -> 4 | AM91: 33000 | AN91: =AM91*AL91 -> 132000
A92: AC | B92: 604 | C92: PINTO | E92: CLAUDIO | F92: 13726534-6 | AH92: 1 | AI92: 1 | AJ92: 1 | AK92: 1 | AL92: =SUM(G92:AK92) -> 4 | AM92: 33000 | AN92: =AM92*AL92 -> 132000
A93: AC | B93: 903 | C93: CUETO | E93: SUSANA | F93: 13225829-5 | AH93: 1 | AI93: 1 | AJ93: 1 | AK93: 1 | AL93: =SUM(G93:AK93) -> 4 | AM93: 33000 | AN93: =AM93*AL93 -> 132000
A94: AC | B94: 903 | C94: TOLOZA | E94: KATHERINE | F94: 15188041-k | AH94: 1 | AI94: 1 | AJ94: 1 | AK94: 1 | AL94: =SUM(G94:AK94) -> 4 | AM94: 33000 | AN94: =AM94*AL94 -> 132000
A95: AC | B95: 904 | C95: MOSCOSO | E95: DANIEL | F95: 17678108-4 | AH95: 1 | AI95: 1 | AL95: =SUM(G95:AK95) -> 2 | AM95: 33000 | AN95: =AM95*AL95 -> 66000
A96: AC | B96: 904 | C96: AMESTICA | E96: JORGE | F96: 19720960-7 | AH96: 1 | AI96: 1 | AJ96: 1 | AK96: 1 | AL96: =SUM(G96:AK96) -> 4 | AM96: 33000 | AN96: =AM96*AL96 -> 132000
A97: AC | B97: 1101 | C97: PINOCHET | E97: CONSUELO | F97: 17904147-2 | AH97: 1 | AI97: 1 | AJ97: 1 | AK97: 1 | AL97: =SUM(G97:AK97) -> 4 | AM97: 33000 | AN97: =AM97*AL97 -> 132000
A98: AC | B98: 1101 | C98: SANDOVAL | E98: GISELA | F98: 19120950-8 | AH98: 1 | AI98: 1 | AJ98: 1 | AK98: 1 | AL98: =SUM(G98:AK98) -> 4 | AM98: 33000 | AN98: =AM98*AL98 -> 132000
A99: AC | B99: 1402 | C99: VILLARREAL | E99: EDWAR | AH99: 1 | AI99: 1 | AJ99: 1 | AK99: 1 | AL99: =SUM(G99:AK99) -> 4 | AM99: 33000 | AN99: =AM99*AL99 -> 132000
A100: AC | B100: 1402 | C100: HERMOSILLA | E100: HÉCTOR | F100: 19297281-7 | AH100: 1 | AI100: 1 | AJ100: 1 | AK100: 1 | AL100: =SUM(G100:AK100) -> 4 | AM100: 33000 | AN100: =AM100*AL100 -> 132000
G102: =SUM(G10:G101) -> 16 | H102: =SUM(H10:H101) -> 16 | I102: =SUM(I10:I101) -> 16 | J102: =SUM(J10:J101) -> 14 | K102: =SUM(K10:K101) -> 15 | L102: =SUM(L10:L101) -> 16 | M102: =SUM(M10:M101) -> 16 | N102: =SUM(N10:N101) -> 14 | ... AL102: =SUM(AL10:AL101) -> 457
AM104: TOTAL | AN104: =SUM(AN10:AN103) -> 15243000
A106: CORRELATIVO N°2 | G106: 45778 | H106: 45779 | I106: 45780 | J106: 45781 | K106: 45782 | L106: 45783 | M106: 45784 | N106: 45785 | O106: 45786 | P106: 45787 | Q106: 45788 | R106: 45789 | S106: 45790 | T106: 45791 | U106: 45792 | V106: 45793 | W106: 45794 | X106: 45795 | Y106: 45796 | Z106: 45797 | AA106: 45798 | AB106: 45799 | AC106: 45800 | AD106: 45801 | AE106: 45802 | AF106: 45803 | AG106: 45804 | AH106: 45805 | AI106: 45806 | AJ106: 45807 | AK106: 45808 | AL106: 01 AL 31 DE MAYO
A109: ALMUERZOS | AL109: D. OCUP | AM109: V. OCUP | AN109: T. OCUP.
A110: 1 | B110: ALMUERZOS | G110: 2 | AL110: =SUM(G110:AK110) -> 2 | AM110: 8500 | AN110: =AM110*AL110 -> 17000
AM112: ALOJAMIENTO | AN112: =AN104 -> 15243000
AM113: ALMUERZOS | AN113: =AN110 -> 17000
...
