Workbook

Sheet H1
A6: CORRELATIVO N°4 | G6: 45839 | H6: 45840 | I6: 45841 | J6: 45842 | K6: 45843 | L6: 45844 | M6: 45845 | N6: 45846 | O6: 45847 | P6: 45848 | Q6: 45849 | R6: 45850 | S6: 45851 | T6: 45852 | U6: 45853 | V6: 45854 | W6: 45855 | X6: 45856 | Y6: 45857 | Z6: 45858 | AA6: 45859 | AB6: 45860 | AC6: 45861 | AD6: 45862 | AE6: 45863 | AF6: 45864 | AG6: 45865 | AH6: 45866 | AI6: 45867 | AJ6: 45868 | AK6: 45869 | AL6: 01 AL 31 DE JULIO
B9: HAB | C9: APELLIDO PATERNO | D9: APELLIDO MATERNO | E9: NOMBRE | F9: RUT | AL9: D. OCUP | AM9: V. OCUP | AN9: T. OCUP.
A10: H1 | B10: 3 | C10: RIOS | D10: TOLOZA | E10: ELIAS | F10: 20356924-6 | G10: 1 | AL10: =SUM(G10:AK10) -> 1 | AM10: 32000 | AN10: =AM10*AL10 -> 32000
A11: H1 | B11: 3 | C11: DIAZ | D11: SAEZ | E11: PATRICIO | F11: 20660891-9 | G11: 1 | AL11: =SUM(G11:AK11) -> 1 | AM11: 32000 | AN11: =AM11*AL11 -> 32000
A12: H1 | B12: 5 | C12: VIEDMA | D12: CASTILLO | E12: JORGE | F12: 11183349-4 | G12: 1 | AL12: =SUM(G12:AK12) -> 1 | AM12: 32000 | AN12: =AM12*AL12 -> 32000
A13: H1 | B13: 5 | C13: MANRIQUEZ | D13: BUSTAMANTE | E13: LUCAS | F13: 11295257-8 | G13: 1 | AL13: =SUM(G13:AK13) -> 1 | AM13: 32000 | AN13: =AM13*AL13 -> 32000
A14: H1 | B14: 7 | C14: JARAMILLO | D14: PAINEQUIR | E14: MARIO | F14: 10351151-8 | G14: 1 | AL14: =SUM(G14:AK14) -> 1 | AM14: 32000 | AN14: =AM14*AL14 -> 32000
A15: H1 | B15: 7 | C15: ULLOA | D15: NECULMAN | E15: DANIEL | F15: 17814175-9 | G15: 1 | AL15: =SUM(G15:AK15) -> 1 | AM15: 32000 | AN15: =AM15*AL15 -> 32000
A16: H1 | B16: 8 | C16: CARO | D16: CONTRERAS | E16: JOSE | F16: 12051577-2 | G16: 1 | AL16: =SUM(G16:AK16) -> 1 | AM16: 32000 | AN16: =AM16*AL16 -> 32000
A17: H1 | B17: 8 | C17: GONZALES | D17: SANGUINETTI | E17: MATIAS | F17: 21269464-9 | G17: 1 | AL17: =SUM(G17:AK17) -> 1 | AM17: 32000 | AN17: =AM17*AL17 -> 32000
A18: H1 | B18: 9 | C18: HERNANDEZ | D18: ARANGUIZ | E18: JUAN | F18: 13316376-K | G18: 1 | AL18: =SUM(G18:AK18) -> 1 | AM18: 32000 | AN18: =AM18*AL18 -> 32000
A19: H1 | B19: 9 | C19: ESPINOZA | D19: TRONCOSO | E19: MARCO | F19: 15499412-2 | G19: 1 | AL19: =SUM(G19:AK19) -> 1 | AM19: 32000 | AN19: =AM19*AL19 -> 32000
A20: H1 | B20: 10 | C20: INOSTROZA | D20: INOSTROZA | E20: RINDOLFO | F20: 11585182-9 | G20: 1 | AL20: =SUM(G20:AK20) -> 1 | AM20: 32000 | AN20: =AM20*AL20 -> 32000
A21: H1 | B21: 10 | C21: PICHON | D21: CORNEJO | E21: MARCO | F21: 12915179-K | G21: 1 | AL21: =SUM(G21:AK21) -> 1 | AM21: 32000 | AN21: =AM21*AL21 -> 32000
... A146: H1 | B146: 120 | C146: GONZALEZ | D146: ROJAS | E146: PATRICIO | F146: 15330424-6 | G146: 1 | AL146: =SUM(G146:AK146) -> 1 | AM146: 32000 | AN146: =AM146*AL146 -> 32000
A147: H1 | B147: 12B | C147: IMIHUALA | D147: COLLILEF | E147: ELIAS | F147: 19553112-9 | G147: 1 | AL147: =SUM(G147:AK147) -> 1 | AM147: 32000 | AN147: =AM147*AL147 -> 32000
A148: H1 | B148: 12B | C148: HUIRCAPAN | D148: RUCAN | E148: JOSE | F148: 10332868-3 | G148: 1 | AL148: =SUM(G148:AK148) -> 1 | AM148: 32000 | AN148: =AM148*AL148 -> 32000
A149: H1 | B149: 21B | C149: BRAVO | D149: MORA | E149: CLAUDIO | F149: 18111892-K | G149: 1 | AL149: =SUM(G149:AK149) -> 1 | AM149: 32000 | AN149: =AM149*AL149 -> 32000
A150: H1 | B150: 26B | C150: BUSTOS | D150: SALAZAR | E150: FRANK | F150: 20364247-4 | G150: 1 | AL150: =SUM(G150:AK150) -> 1 | AM150: 32000 | AN150: =AM150*AL150 -> 32000
A151: H1 | B151: 26B | C151: PARRA | D151: VILLEGAS | E151: ALEXIS | F151: 14273288-2 | G151: 1 | AL151: =SUM(G151:AK151) -> 1 | AM151: 32000 | AN151: =AM151*AL151 -> 32000
A152: H1 | B152: 42B | C152: ARRIAGADA | D152: OGEDA | E152: AUGUSTO | F152: 20839872-2 | G152: 1 | AL152: =SUM(G152:AK152) -> 1 | AM152: 32000 | AN152: =AM152*AL152 -> 32000
A153: H1 | B153: 42B | C153: CAMPOS | D153: HENRRIQUEZ | E153: MIGUEL | F153: 19194420-4 | G153: 1 | AL153: =SUM(G153:AK153) -> 1 | AM153: 32000 | AN153: =AM153*AL153 -> 32000
A154: H1 | B154: 43B | C154: CARCAMO | D154: GONZALES | E154: JEAN | F154: 19654042-3 | G154: 1 | AL154: =SUM(G154:AK154) -> 1 | AM154: 32000 | AN154: =AM154*AL154 -> 32000
A155: H1 | B155: 43B | C155: VIDAL | D155: VALENZUELA | E155: JACINTO | F155: 16825187-3 | G155: 1 | AL155: =SUM(G155:AK155) -> 1 | AM155: 32000 | AN155: =AM155*AL155 -> 32000
A156: H1 | B156: 44B | C156: REYES | D156: LUCERO | E156: ANDERSON | F156: 15872186-4 | G156: 1 | AL156: =SUM(G156:AK156) -> 1 | AM156: 32000 | AN156: =AM156*AL156 -> 32000
A157: H1 | B157: 44B | C157: VENEGAS | D157: GARCES | E157: HERNAN | F157: 16641048-7 | G157: 1 | AL157: =SUM(G157:AK157) -> 1 | AM157: 32000 | AN157: =AM157*AL157 -> 32000
A158: H1 | B158: 3B | C158: ARCHILES | D158: SALVO | E158: FELIX | F158: 17137111-2 | G158: 1 | AL158: =SUM(G158:AK158) -> 1 | AM158: 32000 | AN158: =AM158*AL158 -> 32000
... A173: H1 | B173: 18B | C173: FLORES | D173: BAUTISTA | E173: MILENA | F173: 18579932-8 | G173: 1 | AL173: =SUM(G173:AK173) -> 1 | AM173: 32000 | AN173: =AM173*AL173 -> 32000
A174: H1 | B174: 3 | C174: MORAGA | D174: POBLETE | E174: IGNACIO | F174: 19777682-K | H174: 1 | I174: 1 | J174: 1 | K174: 1 | L174: 1 | M174: 1 | N174: 1 | O174: 1 | P174: 1 | Q174: 1 | R174: 1 | S174: 1 | T174: 1 | U174: 1 | AL174: =SUM(G174:AK174) -> 14 | AM174: 32000 | AN174: =AM174*AL174 -> 448000
A175: H1 | B175: 3 | C175: ORTIZ | D175: SANTELICES | E175: ALEJANDRO | F175: 13856349-9 | H175: 1 | I175: 1 | J175: 1 | K175: 1 | L175: 1 | M175: 1 | N175: 1 | O175: 1 | P175: 1 | Q175: 1 | R175: 1 | S175: 1 | T175: 1 | U175: 1 | AL175: =SUM(G175:AK175) -> 14 | AM175: 32000 | AN175: =AM175*AL175 -> 448000
A176: H1 | B176: 4 | C176: CARO | D176: CONTRERAS | E176: JOSE | F176: 12051577-2 | H176: 1 | I176: 1 | J176: 1 | K176: 1 | L176: 1 | M176: 1 | N176: 1 | O176: 1 | AL176: =SUM(G176:AK176) -> 8 | AM176: 32000 | AN176: =AM176*AL176 -> 256000
A177: H1 | B177: 4 | C177: GONZALES | D177: SANGUINETTI | E177: MATIAS | F177: 21269464-9 | H177: 1 | I177: 1 | J177: 1 | K177: 1 | L177: 1 | M177: 1 | N177: 1 | O177: 1 | AL177: =SUM(G177:AK177) -> 8 | AM177: 32000 | AN177: =AM177*AL177 -> 256000
A178: H1 | B178: 5 | C178: MANRIQUEZ | D178: BUSTAMANTE | E178: LUCAS | F178: 11295257-8 | J178: 1 | K178: 1 | L178: 1 | AL178: =SUM(G178:AK178) -> 3 | AM178: 32000 | AN178: =AM178*AL178 -> 96000
A179: H1 | B179: 5 | C179: VIEDMA | D179: CASTILLO | E179: JORGE | F179: 11183349-4 | J179: 1 | K179: 1 | L179: 1 | AL179: =SUM(G179:AK179) -> 3 | AM179: 32000 | AN179: =AM179*AL179 -> 96000
A180: H1 | B180: 7 | C180: NUÑEZ | D180: SEPULVEDA | E180: CRISTOFER | F180: 15568474-7 | H180: 1 | I180: 1 | J180: 1 | K180: 1 | L180: 1 | M180: 1 | N180: 1 | O180: 1 | P180: 1 | Q180: 1 | R180: 1 | S180: 1 | T180: 1 | U180: 1 | AL180: =SUM(G180:AK180) -> 14 | AM180: 32000 | AN180: =AM180*AL180 -> 448000
A181: H1 | B181: 7 | C181: SALGADO | D181: GAETE | E181: DANIEL | F181: 18233824-9 | H181: 1 | I181: 1 | J181: 1 | K181: 1 | L181: 1 | M181: 1 | N181: 1 | O181: 1 | P181: 1 | Q181: 1 | R181: 1 | S181: 1 | T181: 1 | U181: 1 | AL181: =SUM(G181:AK181) -> 14 | AM181: 32000 | AN181: =AM181*AL181 -> 448000
A182: H1 | B182: 8 | C182: GONZALEZ | D182: HENRIQUEZ | E182: JORGE | F182: 13025138-2 | O182: 1 | P182: 1 | Q182: 1 | R182: 1 | S182: 1 | T182: 1 | U182: 1 | AL182: =SUM(G182:AK182) -> 7 | AM182: 32000 | AN182: =AM182*AL182 -> 224000
A183: H1 | B183: 8 | C183: BARRA | D183: NAVEA | E183: DANIEL | F183: 12188198-5 | O183: 1 | P183: 1 | Q183: 1 | R183: 1 | S183: 1 | T183: 1 | U183: 1 | AL183: =SUM(G183:AK183) -> 7 | AM183: 32000 | AN183: =AM183*AL183 -> 224000
A184: H1 | B184: 9 | C184: AMPUERO | D184: MALDONADO | E184: JUAN | F184: 7910608-9 | H184: 1 | I184: 1 | J184: 1 | K184: 1 | L184: 1 | M184: 1 | N184: 1 | O184: 1 | P184: 1 | Q184: 1 | R184: 1 | S184: 1 | T184: 1 | U184: 1 | AL184: =SUM(G184:AK184) -> 14 | AM184: 32000 | AN184: =AM184*AL184 -> 448000
A185: H1 | B185: 9 | C185: ESPINOZA | D185: TRONCOSO | E185: MARCO | F185: 15499412-2 | H185: 1 | I185: 1 | J185: 1 | K185: 1 | AL185: =SUM(G185:AK185) -> 4 | AM185: 32000 | AN185: =AM185*AL185 -> 128000
A186: H1 | B186: 10 | C186: LABRIN | D186: TORRES | E186: RUBEN | F186: 19421525-8 | H186: 1 | I186: 1 | J186: 1 | K186: 1 | L186: 1 | M186: 1 | N186: 1 | O186: 1 | P186: 1 | Q186: 1 | R186: 1 | S186: 1 | T186: 1 | U186: 1 | AL186: =SUM(G186:AK186) -> 14 | AM186: 32000 | AN186: =AM186*AL186 -> 448000
A187: H1 | B187: 10 | C187: LABRIN | D187: BASCUR | E187: ARTURO | F187: 9715707-3 | H187: 1 | I187: 1 | J187: 1 | K187: 1 | L187: 1 | M187: 1 | N187: 1 | O187: 1 | P187: 1 | Q187: 1 | R187: 1 | S187: 1 | T187: 1 | U187: 1 | AL187: =SUM(G187:AK187) -> 14 | AM187: 32000 | AN187: =AM187*AL187 -> 448000
A188: H1 | B188: 11 | C188: FLORES | D188: ARENAS | E188: JUAN | F188: 15596612-2 | H188: 1 | I188: 1 | J188: 1 | K188: 1 | L188: 1 | M188: 1 | N188: 1 | O188: 1 | P188: 1 | Q188: 1 | R188: 1 | S188: 1 | T188: 1 | U188: 1 | AL188: =SUM(G188:AK188) -> 14 | AM188: 32000 | AN188: =AM188*AL188 -> 448000
A189: H1 | B189: 11 | C189: RAMIREZ | D189: GUZMAN | E189: MAURICIO | F189: 9883370-6 | H189: 1 | I189: 1 | J189: 1 | K189: 1 | L189: 1 | M189: 1 | N189: 1 | O189: 1 | P189: 1 | Q189: 1 | R189: 1 | S189: 1 | T189: 1 | U189: 1 | AL189: =SUM(G189:AK189) -> 14 | AM189: 32000 | AN189: =AM189*AL189 -> 448000
A190: H1 | B190: 13 | C190: ANGULO | D190: MARQUEZ | E190: VICTOR | F190: 9972192-8 | H190: 1 | I190: 1 | J190: 1 | K190: 1 | L190: 1 | AL190: =SUM(G190:AK190) -> 5 | AM190: 32000 | AN190: =AM190*AL190 -> 160000
A191: H1 | B191: 13 | C191: VARGAS | D191: ARANCIBIA | E191: ROBERTO | F191: 10367357-2 | H191: 1 | I191: 1 | J191: 1 | K191: 1 | L191: 1 | AL191: =SUM(G191:AK191) -> 5 | AM191: 32000 | AN191: =AM191*AL191 -> 160000
A192: H1 | B192: 14 | C192: VALDERRAMA | D192: VALDERRAMA | E192: DARLETH | F192: 20941532-1 | O192: 1 | P192: 1 | Q192: 1 | R192: 1 | S192: 1 | T192: 1 | U192: 1 | AL192: =SUM(G192:AK192) -> 7 | AM192: 32000 | AN192: =AM192*AL192 -> 224000
A193: H1 | B193: 14 | C193: SAEZ | D193: MORALES | E193: PRISCILA | F193: 20210460-6 | O193: 1 | P193: 1 | Q193: 1 | R193: 1 | S193: 1 | T193: 1 | U193: 1 | AL193: =SUM(G193:AK193) -> 7 | AM193: 32000 | AN193: =AM193*AL193 -> 224000
A194: H1 | B194: 15 | C194: ACEVEDO | D194: RIVERA | E194: LUIS | F194: 11683054-K | H194: 1 | I194: 1 | J194: 1 | K194: 1 | L194: 1 | M194: 1 | N194: 1 | O194: 1 | P194: 1 | Q194: 1 | R194: 1 | S194: 1 | T194: 1 | U194: 1 | AL194: =SUM(G194:AK194) -> 14 | AM194: 32000 | AN194: =AM194*AL194 -> 448000
A195: H1 | B195: 15 | C195: ARROYO | D195: ORTIZ | E195: DAVID | F195: 17043891-4 | H195: 1 | I195: 1 | J195: 1 | K195: 1 | L195: 1 | M195: 1 | N195: 1 | O195: 1 | P195: 1 | Q195: 1 | R195: 1 | S195: 1 | T195: 1 | U195: 1 | AL195: =SUM(G195:AK195) -> 14 | AM195: 32000 | AN195: =AM195*AL195 -> 448000
A196: H1 | B196: 16 | C196: NAVARRO | D196: GÓMEZ | E196: ANGELO | F196: 16571995-6 | H196: 1 | I196: 1 | J196: 1 | K196: 1 | L196: 1 | M196: 1 | N196: 1 | O196: 1 | P196: 1 | Q196: 1 | R196: 1 | S196: 1 | T196: 1 | U196: 1 | AL196: =SUM(G196:AK196) -> 14 | AM196: 32000 | AN196: =AM196*AL196 -> 448000
A197: H1 | B197: 16 | C197: TORRES | D197: NAVARRO | E197: RODOLFO | F197: 16514562-3 | H197: 1 | I197: 1 | J197: 1 | K197: 1 | L197: 1 | M197: 1 | N197: 1 | O197: 1 | P197: 1 | Q197: 1 | R197: 1 | S197: 1 | T197: 1 | U197: 1 | AL197: =SUM(G197:AK197) -> 14 | AM197: 32000 | AN197: =AM197*AL197 -> 448000
A198: H1 | B198: 17 | C198: OLIVARES | D198: JIMENEZ | E198: PATRICIO | F198: 13358916-3 | H198: 1 | I198: 1 | J198: 1 | K198: 1 | L198: 1 | M198: 1 | N198: 1 | O198: 1 | P198: 1 | Q198: 1 | R198: 1 | S198: 1 | T198: 1 | U198: 1 | AL198: =SUM(G198:AK198) -> 14 | AM198: 32000 | AN198: =AM198*AL198 -> 448000
A199: H1 | B199: 17 | C199: YAMBAMINI | D199: AGUARTA | E199: JUAN | F199: 26816504-5 | H199: 1 | I199: 1 | J199: 1 | K199: 1 | L199: 1 | M199: 1 | N199: 1 | O199: 1 | P199: 1 | Q199: 1 | R199: 1 | S199: 1 | T199: 1 | U199: 1 | AL199: =SUM(G199:AK199) -> 14 | AM199: 32000 | AN199: =AM199*AL199 -> 448000
A200: H1 | B200: 18 | C200: FIGUEROA | D200: ARANEDA | E200: PABLO | F200: 11777836-3 | H200: 1 | I200: 1 | J200: 1 | K200: 1 | L200: 1 | M200: 1 | N200: 1 | O200: 1 | P200: 1 | Q200: 1 | R200: 1 | S200: 1 | T200: 1 | U200: 1 | AL200: =SUM(G200:AK200) -> 14 | AM200: 32000 | AN200: =AM200*AL200 -> 448000
A201: H1 | B201: 18 | C201: LASTARRIA | D201: RUARTE | E201: HERMAN | F201: 11506100-3 | H201: 1 | I201: 1 | J201: 1 | K201: 1 | L201: 1 | M201: 1 | N201: 1 | O201: 1 | P201: 1 | Q201: 1 | R201: 1 | S201: 1 | T201: 1 | U201: 1 | AL201: =SUM(G201:AK201) -> 14 | AM201: 32000 | AN201: =AM201*AL201 -> 448000
A202: H1 | B202: 21 | C202: BARRA | D202: NAVEA | E202: DANIEL | F202: 12188198-5 | H202: 1 | I202: 1 | J202: 1 | K202: 1 | L202: 1 | M202: 1 | N202: 1 | AL202: =SUM(G202:AK202) -> 7 | AM202: 32000 | AN202: =AM202*AL202 -> 224000
A203: H1 | B203: 21 | C203: LUNA | D203: FUENTEALBA | E203: VICTOR | F203: 14027749-5 | H203: 1 | I203: 1 | J203: 1 | K203: 1 | L203: 1 | M203: 1 | N203: 1 | AL203: =SUM(G203:AK203) -> 7 | AM203: 32000 | AN203: =AM203*AL203 -> 224000
A204: H1 | B204: 22 | C204: BASTIAN | D204: GOVET | E204: GILBERTO | F204: 17868178-8 | H204: 1 | I204: 1 | J204: 1 | K204: 1 | L204: 1 | M204: 1 | N204: 1 | O204: 1 | AL204: =SUM(G204:AK204) -> 8 | AM204: 32000 | AN204: =AM204*AL204 -> 256000
A205: H1 | B205: 22 | C205: CARRASCO | D205: NUÑEZ | E205: FRANCISCO | F205: 17196576-4 | H205: 1 | I205: 1 | J205: 1 | K205: 1 | L205: 1 | M205: 1 | N205: 1 | O205: 1 | AL205: =SUM(G205:AK205) -> 8 | AM205: 32000 | AN205: =AM205*AL205 -> 256000
A206: H1 | B206: 23 | C206: NOVOA | D206: RAMIREZ | E206: SERGIO | F206: 18433996-K | H206: 1 | I206: 1 | J206: 1 | K206: 1 | L206: 1 | M206: 1 | N206: 1 | O206: 1 | P206: 1 | Q206: 1 | R206: 1 | S206: 1 | T206: 1 | U206: 1 | AL206: =SUM(G206:AK206) -> 14 | AM206: 32000 | AN206: =AM206*AL206 -> 448000
A207: H1 | B207: 23 | C207: NOVOA | D207: RAMIREZ | E207: GERSON | F207: 17641321-2 | H207: 1 | I207: 1 | J207: 1 | K207: 1 | L207: 1 | M207: 1 | N207: 1 | O207: 1 | P207: 1 | Q207: 1 | R207: 1 | S207: 1 | T207: 1 | U207: 1 | AL207: =SUM(G207:AK207) -> 14 | AM207: 32000 | AN207: =AM207*AL207 -> 448000
A208: H1 | B208: 24 | C208: PINO | D208: FUENTES | E208: ALONSO | F208: 19927836-3 | H208: 1 | I208: 1 | J208: 1 | K208: 1 | L208: 1 | M208: 1 | N208: 1 | O208: 1 | AL208: =SUM(G208:AK208) -> 8 | AM208: 32000 | AN208: =AM208*AL208 -> 256000
A209: H1 | B209: 24 | C209: PINO | D209: MEDINA | E209: SEBASTIAN | F209: 20489492-2 | H209: 1 | I209: 1 | J209: 1 | K209: 1 | L209: 1 | M209: 1 | N209: 1 | O209: 1 | AL209: =SUM(G209:AK209) -> 8 | AM209: 32000 | AN209: =AM209*AL209 -> 256000
A210: H1 | B210: 24 | C210: BARRIGA | D210: RETAMAL | E210: CESAR | F210: 15193371-8 | P210: 1 | Q210: 1 | R210: 1 | S210: 1 | T210: 1 | U210: 1 | AL210: =SUM(G210:AK210) -> 6 | AM210: 32000 | AN210: =AM210*AL210 -> 192000
A211: H1 | B211: 25 | C211: FIERRO | D211: VEJAR | E211: FELIPE | F211: 14207222-K | H211: 1 | I211: 1 | J211: 1 | K211: 1 | L211: 1 | M211: 1 | N211: 1 | O211: 1 | P211: 1 | Q211: 1 | R211: 1 | S211: 1 | T211: 1 | U211: 1 | AL211: =SUM(G211:AK211) -> 14 | AM211: 32000 | AN211: =AM211*AL211 -> 448000
A212: H1 | B212: 25 | C212: HIDALGO | D212: NEIRA | E212: FERNANDO | F212: 15183952-5 | H212: 1 | I212: 1 | J212: 1 | K212: 1 | L212: 1 | M212: 1 | N212: 1 | O212: 1 | P212: 1 | Q212: 1 | R212: 1 | S212: 1 | T212: 1 | U212: 1 | AL212: =SUM(G212:AK212) -> 14 | AM212: 32000 | AN212: =AM212*AL212 -> 448000
A213: H1 | B213: 29 | C213: GUERRA | D213: BURGOS | E213: MICHAEL | F213: 18082022-1 | H213: 1 | I213: 1 | J213: 1 | K213: 1 | L213: 1 | M213: 1 | N213: 1 | O213: 1 | P213: 1 | Q213: 1 | R213: 1 | S213: 1 | T213: 1 | U213: 1 | AL213: =SUM(G213:AK213) -> 14 | AM213: 32000 | AN213: =AM213*AL213 -> 448000
A214: H1 | B214: 29 | C214: INOSTROZA | D214: CEA | E214: EDISON | F214: 11295426-0 | H214: 1 | I214: 1 | J214: 1 | K214: 1 | L214: 1 | M214: 1 | N214: 1 | O214: 1 | P214: 1 | Q214: 1 | R214: 1 | S214: 1 | T214: 1 | U214: 1 | AL214: =SUM(G214:AK214) -> 14 | AM214: 32000 | AN214: =AM214*AL214 -> 448000
A215: H1 | B215: 30 | C215: REYES | D215: CIFUENTES | E215: MICHAEL | F215: 21959229-9 | H215: 1 | I215: 1 | J215: 1 | K215: 1 | L215: 1 | M215: 1 | N215: 1 | O215: 1 | P215: 1 | Q215: 1 | R215: 1 | S215: 1 | T215: 1 | U215: 1 | AL215: =SUM(G215:AK215) -> 14 | AM215: 32000 | AN215: =AM215*AL215 -> 448000
A216: H1 | B216: 30 | C216: SALGADO | D216: BREVIS | E216: LUIS | F216: 15192946-K | H216: 1 | I216: 1 | J216: 1 | K216: 1 | L216: 1 | M216: 1 | N216: 1 | O216: 1 | P216: 1 | Q216: 1 | R216: 1 | S216: 1 | T216: 1 | U216: 1 | AL216: =SUM(G216:AK216) -> 14 | AM216: 32000 | AN216: =AM216*AL216 -> 448000
A217: H1 | B217: 31 | C217: ACUÑA | D217: TORRES | E217: CLAUDIO | F217: 14483614-6 | H217: 1 | I217: 1 | J217: 1 | K217: 1 | L217: 1 | M217: 1 | N217: 1 | O217: 1 | P217: 1 | Q217: 1 | R217: 1 | S217: 1 | T217: 1 | U217: 1 | AL217: =SUM(G217:AK217) -> 14 | AM217: 32000 | AN217: =AM217*AL217 -> 448000
A218: H1 | B218: 31 | C218: LEAL | D218: ANDRADE | E218: YONY | F218: 13958870-3 | H218: 1 | I218: 1 | J218: 1 | K218: 1 | L218: 1 | M218: 1 | N218: 1 | O218: 1 | P218: 1 | Q218: 1 | R218: 1 | S218: 1 | T218: 1 | U218: 1 | AL218: =SUM(G218:AK218) -> 14 | AM218: 32000 | AN218: =AM218*AL218 -> 448000
A219: H1 | B219: 33 | C219: LUNA | D219: QUEZADA | E219: CESAR | F219: 21025854-K | H219: 1 | I219: 1 | J219: 1 | K219: 1 | L219: 1 | M219: 1 | N219: 1 | O219: 1 | P219: 1 | Q219: 1 | R219: 1 | S219: 1 | T219: 1 | U219: 1 | AL219: =SUM(G219:AK219) -> 14 | AM219: 32000 | AN219: =AM219*AL219 -> 448000
A220: H1 | B220: 33 | C220: SAN | D220: MARTIN | E220: SEBASTIAN | F220: 20657245-0 | H220: 1 | I220: 1 | J220: 1 | K220: 1 | L220: 1 | M220: 1 | N220: 1 | O220: 1 | P220: 1 | Q220: 1 | R220: 1 | S220: 1 | T220: 1 | U220: 1 | AL220: =SUM(G220:AK220) -> 14 | AM220: 32000 | AN220: =AM220*AL220 -> 448000
A221: H1 | B221: 34 | C221: CASTRO | D221: LUNA | E221: MARLON | F221: 21855813-5 | H221: 1 | I221: 1 | J221: 1 | K221: 1 | L221: 1 | M221: 1 | N221: 1 | O221: 1 | P221: 1 | Q221: 1 | R221: 1 | S221: 1 | T221: 1 | U221: 1 | AL221: =SUM(G221:AK221) -> 14 | AM221: 32000 | AN221: =AM221*AL221 -> 448000
A222: H1 | B222: 34 | C222: RUIZ | D222: CATRIL | E222: BRIAN | F222: 20195536-K | H222: 1 | I222: 1 | J222: 1 | K222: 1 | L222: 1 | M222: 1 | N222: 1 | O222: 1 | P222: 1 | Q222: 1 | R222: 1 | S222: 1 | T222: 1 | U222: 1 | AL222: =SUM(G222:AK222) -> 14 | AM222: 32000 | AN222: =AM222*AL222 -> 448000
... A234: H1 | B234: 42 | C234: CALFUEQUE | D234: VERA | E234: DAGOBERTO | F234: 15554007-9 | H234: 1 | I234: 1 | J234: 1 | K234: 1 | L234: 1 | M234: 1 | N234: 1 | O234: 1 | P234: 1 | Q234: 1 | R234: 1 | S234: 1 | T234: 1 | U234: 1 | AL234: =SUM(G234:AK234) -> 14 | AM234: 32000 | AN234: =AM234*AL234 -> 448000
A235: H1 | B235: 42 | C235: LAGOS | D235: VALDES | E235: LUIS | F235: 16058200-6 | H235: 1 | I235: 1 | J235: 1 | K235: 1 | L235: 1 | M235: 1 | N235: 1 | AL235: =SUM(G235:AK235) -> 7 | AM235: 32000 | AN235: =AM235*AL235 -> 224000
A236: H1 | B236: 42 | C236: MOLLO | D236: ORDINOLA | E236: RICARDO | F236: 10091730-0 | O236: 1 | P236: 1 | Q236: 1 | R236: 1 | S236: 1 | T236: 1 | U236: 1 | AL236: =SUM(G236:AK236) -> 7 | AM236: 32000 | AN236: =AM236*AL236 -> 224000
A237: H1 | B237: 43 | C237: BELTRAN | D237: FIGUEROA | E237: SEBASTIAN | F237: 20515488-4 | H237: 1 | I237: 1 | J237: 1 | K237: 1 | L237: 1 | M237: 1 | N237: 1 | O237: 1 | P237: 1 | Q237: 1 | R237: 1 | S237: 1 | T237: 1 | U237: 1 | AL237: =SUM(G237:AK237) -> 14 | AM237: 32000 | AN237: =AM237*AL237 -> 448000
A238: H1 | B238: 43 | C238: CONTRERAS | D238: MUÑOZ | E238: FELIPE | F238: 16405105-6 | H238: 1 | I238: 1 | J238: 1 | K238: 1 | L238: 1 | M238: 1 | N238: 1 | O238: 1 | P238: 1 | Q238: 1 | R238: 1 | S238: 1 | T238: 1 | U238: 1 | AL238: =SUM(G238:AK238) -> 14 | AM238: 32000 | AN238: =AM238*AL238 -> 448000
A239: H1 | B239: 44 | C239: CASTRO | D239: MARDONES | E239: JORGE | F239: 15616195-0 | H239: 1 | I239: 1 | J239: 1 | K239: 1 | L239: 1 | M239: 1 | N239: 1 | O239: 1 | P239: 1 | Q239: 1 | R239: 1 | S239: 1 | T239: 1 | U239: 1 | AL239: =SUM(G239:AK239) -> 14 | AM239: 32000 | AN239: =AM239*AL239 -> 448000
A240: H1 | B240: 44 | C240: RIQUELME | D240: PUELPAN | E240: GABRIEL | F240: 17897010-0 | H240: 1 | I240: 1 | J240: 1 | K240: 1 | L240: 1 | M240: 1 | N240: 1 | O240: 1 | P240: 1 | Q240: 1 | R240: 1 | S240: 1 | T240: 1 | U240: 1 | AL240: =SUM(G240:AK240) -> 14 | AM240: 32000 | AN240: =AM240*AL240 -> 448000
A241: H1 | B241: 45 | C241: VERGARA | D241: LUNA | E241: KIARA | F241: 21480690-8 | H241: 1 | I241: 1 | J241: 1 | K241: 1 | L241: 1 | M241: 1 | N241: 1 | O241: 1 | P241: 1 | Q241: 1 | R241: 1 | S241: 1 | T241: 1 | U241: 1 | AL241: =SUM(G241:AK241) -> 14 | AM241: 32000 | AN241: =AM241*AL241 -> 448000
A242: H1 | B242: 45 | C242: ARIAS | D242: LIZANA | E242: CAMILA | F242: 18476209-9 | H242: 1 | I242: 1 | J242: 1 | K242: 1 | L242: 1 | M242: 1 | N242: 1 | O242: 1 | P242: 1 | Q242: 1 | R242: 1 | S242: 1 | T242: 1 | U242: 1 | AL242: =SUM(G242:AK242) -> 14 | AM242: 32000 | AN242: =AM242*AL242 -> 448000
A243: H1 | B243: 48 | C243: SEPULVEDA | D243: PAVEZ | E243: LUIS | F243: 14577724-0 | H243: 1 | I243: 1 | J243: 1 | K243: 1 | L243: 1 | M243: 1 | N243: 1 | O243: 1 | P243: 1 | Q243: 1 | R243: 1 | S243: 1 | T243: 1 | U243: 1 | AL243: =SUM(G243:AK243) -> 14 | AM243: 32000 | AN243: =AM243*AL243 -> 448000
A244: H1 | B244: 48 | C244: TOLEDO | D244: HIDALGO | E244: LUIS | F244: 16239084-8 | H244: 1 | I244: 1 | J244: 1 | K244: 1 | L244: 1 | M244: 1 | N244: 1 | O244: 1 | P244: 1 | Q244: 1 | R244: 1 | S244: 1 | T244: 1 | U244: 1 | AL244: =SUM(G244:AK244) -> 14 | AM244: 32000 | AN244: =AM244*AL244 -> 448000
A245: H1 | B245: 49 | C245: HIDALGO | D245: CAMPOS | E245: CRISTIAN | F245: 12701863-4 | H245: 1 | I245: 1 | J245: 1 | K245: 1 | L245: 1 | M245: 1 | N245: 1 | O245: 1 | P245: 1 | Q245: 1 | R245: 1 | S245: 1 | T245: 1 | U245: 1 | AL245: =SUM(G245:AK245) -> 14 | AM245: 32000 | AN245: =AM245*AL245 -> 448000
A246: H1 | B246: 49 | C246: SALGADO | D246: HUILIPAN | E246: ANGELO | F246: 20515633-K | H246: 1 | I246: 1 | J246: 1 | K246: 1 | L246: 1 | M246: 1 | N246: 1 | O246: 1 | P246: 1 | Q246: 1 | R246: 1 | S246: 1 | T246: 1 | U246: 1 | AL246: =SUM(G246:AK246) -> 14 | AM246: 32000 | AN246: =AM246*AL246 -> 448000
A247: H1 | B247: 51 | C247: BECERRA | D247: GUERRERO | E247: IVAN | F247: 9633585-7 | H247: 1 | I247: 1 | J247: 1 | K247: 1 | L247: 1 | M247: 1 | N247: 1 | O247: 1 | P247: 1 | Q247: 1 | R247: 1 | S247: 1 | T247: 1 | U247: 1 | AL247: =SUM(G247:AK247) -> 14 | AM247: 32000 | AN247: =AM247*AL247 -> 448000
A248: H1 | B248: 51 | C248: SALAMANCA | D248: VILLAMAN | E248: OSCAR | F248: 10317073-7 | H248: 1 | I248: 1 | J248: 1 | K248: 1 | L248: 1 | M248: 1 | N248: 1 | O248: 1 | P248: 1 | Q248: 1 | R248: 1 | S248: 1 | T248: 1 | U248: 1 | AL248: =SUM(G248:AK248) -> 14 | AM248: 32000 | AN248: =AM248*AL248 -> 448000
... A250: H1 | B250: 52 | C250: ROSALES | D250: TORRES | E250: CARLOS | F250: 16708275-0 | H250: 1 | I250: 1 | J250: 1 | K250: 1 | L250: 1 | M250: 1 | N250: 1 | O250: 1 | P250: 1 | Q250: 1 | R250: 1 | S250: 1 | T250: 1 | U250: 1 | AL250: =SUM(G250:AK250) -> 14 | AM250: 32000 | AN250: =AM250*AL250 -> 448000
A251: H1 | B251: 56 | C251: SALVO | D251: CASTILLO | E251: NESTOR | F251: 15160416-1 | H251: 1 | I251: 1 | J251: 1 | K251: 1 | L251: 1 | M251: 1 | N251: 1 | AL251: =SUM(G251:AK251) -> 7 | AM251: 32000 | AN251: =AM251*AL251 -> 224000
A252: H1 | B252: 56 | C252: ARELLANO | D252: TORRES | E252: MIGUEL | F252: 16827294-4 | H252: 1 | I252: 1 | J252: 1 | K252: 1 | L252: 1 | M252: 1 | N252: 1 | AL252: =SUM(G252:AK252) -> 7 | AM252: 32000 | AN252: =AM252*AL252 -> 224000
A253: H1 | B253: 56 | C253: MENA | D253: BADILLA | E253: CARLOS | F253: 16736619-8 | O253: 1 | P253: 1 | Q253: 1 | R253: 1 | S253: 1 | T253: 1 | U253: 1 | AL253: =SUM(G253:AK253) -> 7 | AM253: 32000 | AN253: =AM253*AL253 -> 224000
A254: H1 | B254: 56 | C254: YAÑEZ | D254: VERA | E254: LEONARDO | F254: 15670296-K | O254: 1 | P254: 1 | Q254: 1 | R254: 1 | S254: 1 | T254: 1 | U254: 1 | AL254: =SUM(G254:AK254) -> 7 | AM254: 32000 | AN254: =AM254*AL254 -> 224000
A255: H1 | B255: 57 | C255: ORMEÑO | D255: PALMA | E255: REINALDO | F255: 12384445-9 | H255: 1 | I255: 1 | J255: 1 | K255: 1 | L255: 1 | M255: 1 | N255: 1 | O255: 1 | P255: 1 | Q255: 1 | R255: 1 | S255: 1 | T255: 1 | U255: 1 | AL255: =SUM(G255:AK255) -> 14 | AM255: 32000 | AN255: =AM255*AL255 -> 448000
A256: H1 | B256: 57 | C256: TAPIA | D256: RAMOS | E256: JORGE | F256: 9562297-6 | H256: 1 | I256: 1 | J256: 1 | K256: 1 | L256: 1 | M256: 1 | N256: 1 | O256: 1 | P256: 1 | Q256: 1 | R256: 1 | S256: 1 | T256: 1 | U256: 1 | AL256: =SUM(G256:AK256) -> 14 | AM256: 32000 | AN256: =AM256*AL256 -> 448000
A257: H1 | B257: 58 | C257: GARRIDO | D257: PARRA | E257: JOSE | F257: 17845281-9 | H257: 1 | I257: 1 | J257: 1 | K257: 1 | L257: 1 | M257: 1 | N257: 1 | O257: 1 | P257: 1 | Q257: 1 | R257: 1 | S257: 1 | T257: 1 | U257: 1 | AL257: =SUM(G257:AK257) -> 14 | AM257: 32000 | AN257: =AM257*AL257 -> 448000
...

Sheet H3
A6: CORRELATIVO N°4 | G6: 45839 | H6: 45840 | I6: 45841 | J6: 45842 | K6: 45843 | L6: 45844 | M6: 45845 | N6: 45846 | O6: 45847 | P6: 45848 | Q6: 45849 | R6: 45850 | S6: 45851 | T6: 45852 | U6: 45853 | V6: 45854 | W6: 45855 | X6: 45856 | Y6: 45857 | Z6: 45858 | AA6: 45859 | AB6: 45860 | AC6: 45861 | AD6: 45862 | AE6: 45863 | AF6: 45864 | AG6: 45865 | AH6: 45866 | AI6: 45867 | AJ6: 45868 | AK6: 45869 | AL6: 01 AL 31 DE JULIO
B9: HAB | C9: APELLIDO PATERNO | D9: APELLIDO MATERNO | E9: NOMBRE | F9: RUT | AL9: D. OCUP | AM9: V. OCUP | AN9: T. OCUP.
A10: H3 | B10: 1 | C10: DIAZ | D10: PUGA | E10: GUILLERMO | F10: 12789118-4 | G10: 1 | AL10: =SUM(G10:AK10) -> 1 | AM10: 32000 | AN10: =AM10*AL10 -> 32000
A11: H3 | B11: 1 | C11: TAPIA | D11: PAZ | E11: JUAN | F11: 12963938-5 | G11: 1 | AL11: =SUM(G11:AK11) -> 1 | AM11: 32000 | AN11: =AM11*AL11 -> 32000
A12: H3 | B12: 2 | C12: FIGUEROA | D12: QUEZADA | E12: CARLOS | F12: 9299666-2 | G12: 1 | AL12: =SUM(G12:AK12) -> 1 | AM12: 32000 | AN12: =AM12*AL12 -> 32000
A13: H3 | B13: 2 | C13: PARRA | D13: PUGA | E13: JORGE | F13: 15569834-9 | G13: 1 | AL13: =SUM(G13:AK13) -> 1 | AM13: 32000 | AN13: =AM13*AL13 -> 32000
A14: H3 | B14: 11 | C14: JARA | D14: FUENTES | E14: RICARDO | F14: 15188863-1 | G14: 1 | AL14: =SUM(G14:AK14) -> 1 | AM14: 32000 | AN14: =AM14*AL14 -> 32000
A15: H3 | B15: 11 | C15: CONTRERAS | D15: POLANCO | E15: JORGE | F15: 17287619-6 | G15: 1 | AL15: =SUM(G15:AK15) -> 1 | AM15: 32000 | AN15: =AM15*AL15 -> 32000
A16: H3 | B16: 12 | C16: DAZA | D16: CASTILLO | E16: CARLOS | F16: 13725970-2 | G16: 1 | AL16: =SUM(G16:AK16) -> 1 | AM16: 32000 | AN16: =AM16*AL16 -> 32000
A17: H3 | B17: 13 | C17: AGUAYO | D17: RODRIGUEZ | E17: JAIME | F17: 10073590-3 | G17: 1 | AL17: =SUM(G17:AK17) -> 1 | AM17: 32000 | AN17: =AM17*AL17 -> 32000
A18: H3 | B18: 13 | C18: AGUILERA | D18: BRAVO | E18: MARIO | F18: 16765205-0 | G18: 1 | AL18: =SUM(G18:AK18) -> 1 | AM18: 32000 | AN18: =AM18*AL18 -> 32000
A19: H3 | B19: 15 | C19: JARA | D19: VASQUEZ | E19: RODOLFO | F19: 20611553-K | G19: 1 | AL19: =SUM(G19:AK19) -> 1 | AM19: 32000 | AN19: =AM19*AL19 -> 32000
A20: H3 | B20: 15 | C20: LANAS | D20: VALDENEGRO | E20: CRISTIAN | F20: 18037466-3 | G20: 1 | AL20: =SUM(G20:AK20) -> 1 | AM20: 32000 | AN20: =AM20*AL20 -> 32000
A21: H3 | B21: 17 | C21: FIERRO | D21: DURAN | E21: DAVID | F21: 18810893-8 | G21: 1 | AL21: =SUM(G21:AK21) -> 1 | AM21: 32000 | AN21: =AM21*AL21 -> 32000
... A37: H3 | B37: 90 | C37: CANALES | D37: LAGOS | E37: MATIAS | F37: 21830481-8 | G37: 1 | AL37: =SUM(G37:AK37) -> 1 | AM37: 32000 | AN37: =AM37*AL37 -> 32000
A38: H3 | B38: 0 | C38: ADAMAS | D38: REYES | E38: BRAYAN | F38: 17219265-3 | H38: 1 | I38: 1 | J38: 1 | K38: 1 | L38: 1 | M38: 1 | N38: 1 | O38: 1 | P38: 1 | Q38: 1 | R38: 1 | S38: 1 | T38: 1 | U38: 1 | AL38: =SUM(G38:AK38) -> 14 | AM38: 32000 | AN38: =AM38*AL38 -> 448000
A39: H3 | B39: 0 | C39: ALVAREZ | D39: ADASMA | E39: IGNACIO | F39: 20924569-8 | H39: 1 | I39: 1 | J39: 1 | K39: 1 | L39: 1 | M39: 1 | N39: 1 | O39: 1 | P39: 1 | Q39: 1 | R39: 1 | S39: 1 | T39: 1 | U39: 1 | AL39: =SUM(G39:AK39) -> 14 | AM39: 32000 | AN39: =AM39*AL39 -> 448000
A40: H3 | B40: 1 | C40: ESCOBAR | D40: ARRIAGADA | E40: PATRICIO | F40: 18405090-0 | H40: 1 | I40: 1 | J40: 1 | K40: 1 | L40: 1 | M40: 1 | N40: 1 | O40: 1 | P40: 1 | Q40: 1 | R40: 1 | S40: 1 | T40: 1 | U40: 1 | AL40: =SUM(G40:AK40) -> 14 | AM40: 32000 | AN40: =AM40*AL40 -> 448000
A41: H3 | B41: 2 | C41: ADAMAS | D41: REYES | E41: FERNANDO | F41: 16541548-5 | H41: 1 | I41: 1 | J41: 1 | K41: 1 | L41: 1 | M41: 1 | N41: 1 | O41: 1 | P41: 1 | Q41: 1 | R41: 1 | S41: 1 | T41: 1 | U41: 1 | AL41: =SUM(G41:AK41) -> 14 | AM41: 32000 | AN41: =AM41*AL41 -> 448000
A42: H3 | B42: 2 | C42: RUIZ | D42: MANRIQUEZ | E42: ERMES | F42: 15209490-6 | H42: 1 | I42: 1 | J42: 1 | K42: 1 | L42: 1 | M42: 1 | N42: 1 | O42: 1 | P42: 1 | Q42: 1 | R42: 1 | S42: 1 | T42: 1 | U42: 1 | AL42: =SUM(G42:AK42) -> 14 | AM42: 32000 | AN42: =AM42*AL42 -> 448000
A43: H3 | B43: 3 | C43: CONSUEGRA | D43: ARCE | E43: WILLUIAM | F43: 26341309-1 | H43: 1 | I43: 1 | J43: 1 | K43: 1 | L43: 1 | M43: 1 | N43: 1 | O43: 1 | P43: 1 | Q43: 1 | R43: 1 | S43: 1 | T43: 1 | U43: 1 | AL43: =SUM(G43:AK43) -> 14 | AM43: 32000 | AN43: =AM43*AL43 -> 448000
A44: H3 | B44: 3 | C44: LIGNAI | D44: TRUJILLO | E44: LUIS | F44: 10516209-K | H44: 1 | I44: 1 | J44: 1 | K44: 1 | L44: 1 | M44: 1 | N44: 1 | O44: 1 | P44: 1 | Q44: 1 | R44: 1 | S44: 1 | T44: 1 | U44: 1 | AL44: =SUM(G44:AK44) -> 14 | AM44: 32000 | AN44: =AM44*AL44 -> 448000
A45: H3 | B45: 6 | C45: HINOTROZA | D45: ARAUJO | E45: JOSE | F45: 450991894 | H45: 1 | I45: 1 | J45: 1 | K45: 1 | L45: 1 | M45: 1 | N45: 1 | O45: 1 | P45: 1 | Q45: 1 | R45: 1 | S45: 1 | T45: 1 | U45: 1 | AL45: =SUM(G45:AK45) -> 14 | AM45: 32000 | AN45: =AM45*AL45 -> 448000
A46: H3 | B46: 10 | C46: BRIONES | D46: LEAL | E46: MANUEL | F46: 13281520-8 | H46: 1 | I46: 1 | J46: 1 | K46: 1 | L46: 1 | M46: 1 | N46: 1 | O46: 1 | P46: 1 | Q46: 1 | R46: 1 | S46: 1 | T46: 1 | U46: 1 | AL46: =SUM(G46:AK46) -> 14 | AM46: 32000 | AN46: =AM46*AL46 -> 448000
A47: H3 | B47: 10 | C47: DOMINGUEZ | D47: SALAZAR | E47: JUAN | F47: 12925017-8 | H47: 1 | I47: 1 | J47: 1 | K47: 1 | L47: 1 | M47: 1 | N47: 1 | O47: 1 | P47: 1 | Q47: 1 | R47: 1 | S47: 1 | T47: 1 | U47: 1 | AL47: =SUM(G47:AK47) -> 14 | AM47: 32000 | AN47: =AM47*AL47 -> 448000
A48: H3 | B48: 11 | C48: BEROIZA | D48: RAILAF | E48: NICOLAS | F48: 19463033-6 | H48: 1 | I48: 1 | J48: 1 | K48: 1 | L48: 1 | M48: 1 | N48: 1 | O48: 1 | P48: 1 | Q48: 1 | R48: 1 | S48: 1 | T48: 1 | U48: 1 | AL48: =SUM(G48:AK48) -> 14 | AM48: 32000 | AN48: =AM48*AL48 -> 448000
A49: H3 | B49: 11 | C49: RIQUELME | D49: CASTILLO | E49: AROLDO | F49: 13623789-6 | H49: 1 | I49: 1 | J49: 1 | K49: 1 | L49: 1 | M49: 1 | N49: 1 | O49: 1 | P49: 1 | Q49: 1 | R49: 1 | S49: 1 | T49: 1 | U49: 1 | AL49: =SUM(G49:AK49) -> 14 | AM49: 32000 | AN49: =AM49*AL49 -> 448000
A50: H3 | B50: 12 | C50: COLLARTE | D50: VASQUEZ | E50: ARIEL | F50: 18070686-0 | H50: 1 | I50: 1 | J50: 1 | K50: 1 | L50: 1 | M50: 1 | N50: 1 | O50: 1 | P50: 1 | Q50: 1 | R50: 1 | S50: 1 | T50: 1 | U50: 1 | AL50: =SUM(G50:AK50) -> 14 | AM50: 32000 | AN50: =AM50*AL50 -> 448000
A51: H3 | B51: 12 | C51: FLORES | D51: MARDONES | E51: CESAR | F51: 20439946-8 | H51: 1 | I51: 1 | J51: 1 | K51: 1 | L51: 1 | M51: 1 | N51: 1 | O51: 1 | P51: 1 | Q51: 1 | R51: 1 | S51: 1 | T51: 1 | U51: 1 | AL51: =SUM(G51:AK51) -> 14 | AM51: 32000 | AN51: =AM51*AL51 -> 448000
A52: H3 | B52: 13 | C52: VIVEROS | D52: AVILA | E52: CLAUDIO | F52: 17843247-8 | H52: 1 | I52: 1 | J52: 1 | K52: 1 | L52: 1 | M52: 1 | N52: 1 | O52: 1 | P52: 1 | Q52: 1 | R52: 1 | S52: 1 | T52: 1 | U52: 1 | AL52: =SUM(G52:AK52) -> 14 | AM52: 32000 | AN52: =AM52*AL52 -> 448000
A53: H3 | B53: 13 | C53: FUENTES | D53: CABRERA | E53: JAIME | F53: 14363777-8 | H53: 1 | I53: 1 | J53: 1 | K53: 1 | L53: 1 | M53: 1 | N53: 1 | O53: 1 | P53: 1 | Q53: 1 | R53: 1 | S53: 1 | T53: 1 | U53: 1 | AL53: =SUM(G53:AK53) -> 14 | AM53: 32000 | AN53: =AM53*AL53 -> 448000
A54: H3 | B54: 15 | C54: RETAMAL | D54: FUENTES | E54: PATRICIO | F54: 11904416-2 | H54: 1 | I54: 1 | J54: 1 | K54: 1 | L54: 1 | M54: 1 | N54: 1 | O54: 1 | P54: 1 | Q54: 1 | R54: 1 | S54: 1 | T54: 1 | U54: 1 | AL54: =SUM(G54:AK54) -> 14 | AM54: 32000 | AN54: =AM54*AL54 -> 448000
A55: H3 | B55: 17 | C55: JARA | D55: ZAPATA | E55: JUAN | F55: 14573834-2 | H55: 1 | I55: 1 | J55: 1 | K55: 1 | L55: 1 | M55: 1 | N55: 1 | O55: 1 | P55: 1 | Q55: 1 | R55: 1 | S55: 1 | T55: 1 | U55: 1 | AL55: =SUM(G55:AK55) -> 14 | AM55: 32000 | AN55: =AM55*AL55 -> 448000
A56: H3 | B56: 18 | C56: MEDINA | D56: SUAZO | E56: ANA | F56: 14070374-5 | H56: 1 | I56: 1 | J56: 1 | K56: 1 | L56: 1 | M56: 1 | N56: 1 | O56: 1 | P56: 1 | Q56: 1 | R56: 1 | S56: 1 | T56: 1 | U56: 1 | AL56: =SUM(G56:AK56) -> 14 | AM56: 32000 | AN56: =AM56*AL56 -> 448000
A57: H3 | B57: 19 | C57: CABRERA | D57: ALARCON | E57: ULICES | F57: 44484881-2 | J57: 1 | K57: 1 | L57: 1 | M57: 1 | N57: 1 | O57: 1 | P57: 1 | Q57: 1 | R57: 1 | S57: 1 | T57: 1 | U57: 1 | AL57: =SUM(G57:AK57) -> 12 | AM57: 32000 | AN57: =AM57*AL57 -> 384000
A58: H3 | B58: 19 | C58: GARCIA | D58: SAAVEDRA | E58: AMERICO | F58: 44484786-7 | J58: 1 | K58: 1 | L58: 1 | M58: 1 | N58: 1 | O58: 1 | P58: 1 | Q58: 1 | R58: 1 | S58: 1 | T58: 1 | U58: 1 | AL58: =SUM(G58:AK58) -> 12 | AM58: 32000 | AN58: =AM58*AL58 -> 384000
A59: H3 | B59: 24 | C59: ARENAS | D59: MANRIQUEZ | E59: DANIEL | F59: 11179233-K | H59: 1 | I59: 1 | J59: 1 | K59: 1 | L59: 1 | M59: 1 | N59: 1 | O59: 1 | P59: 1 | Q59: 1 | R59: 1 | S59: 1 | T59: 1 | U59: 1 | AL59: =SUM(G59:AK59) -> 14 | AM59: 32000 | AN59: =AM59*AL59 -> 448000
A60: H3 | B60: 24 | C60: TORRES | D60: BENITEZ | E60: ERIK | F60: 17870662-4 | H60: 1 | I60: 1 | J60: 1 | K60: 1 | L60: 1 | M60: 1 | N60: 1 | O60: 1 | P60: 1 | Q60: 1 | R60: 1 | S60: 1 | T60: 1 | U60: 1 | AL60: =SUM(G60:AK60) -> 14 | AM60: 32000 | AN60: =AM60*AL60 -> 448000
A61: H3 | B61: 26 | C61: ARAYA | D61: MARIN | E61: ISAAC | F61: 20167572-3 | H61: 1 | I61: 1 | J61: 1 | K61: 1 | L61: 1 | M61: 1 | N61: 1 | O61: 1 | P61: 1 | Q61: 1 | R61: 1 | S61: 1 | T61: 1 | U61: 1 | AL61: =SUM(G61:AK61) -> 14 | AM61: 32000 | AN61: =AM61*AL61 -> 448000
A62: H3 | B62: 26 | C62: CODERCH | D62: TORRES | E62: JOSE | F62: 20133484-5 | H62: 1 | I62: 1 | J62: 1 | K62: 1 | L62: 1 | M62: 1 | N62: 1 | O62: 1 | AL62: =SUM(G62:AK62) -> 8 | AM62: 32000 | AN62: =AM62*AL62 -> 256000
A63: H3 | B63: 27 | C63: CASTILLO | D63: CRISOSTOMO | E63: ESCARLET | F63: 20321744-7 | H63: 1 | I63: 1 | J63: 1 | K63: 1 | L63: 1 | M63: 1 | N63: 1 | O63: 1 | P63: 1 | Q63: 1 | R63: 1 | S63: 1 | T63: 1 | U63: 1 | AL63: =SUM(G63:AK63) -> 14 | AM63: 32000 | AN63: =AM63*AL63 -> 448000
A64: H3 | B64: 27 | C64: GALLARDO | D64: VILLAOBOS | E64: JUDITH | F64: 17478990-8 | H64: 1 | I64: 1 | J64: 1 | K64: 1 | L64: 1 | M64: 1 | N64: 1 | O64: 1 | P64: 1 | Q64: 1 | R64: 1 | S64: 1 | T64: 1 | U64: 1 | AL64: =SUM(G64:AK64) -> 14 | AM64: 32000 | AN64: =AM64*AL64 -> 448000
A65: H3 | B65: 28 | C65: ALFARO | E65: BENITO | F65: 16054392-2 | H65: 1 | I65: 1 | J65: 1 | K65: 1 | L65: 1 | M65: 1 | N65: 1 | O65: 1 | P65: 1 | Q65: 1 | R65: 1 | S65: 1 | T65: 1 | U65: 1 | AL65: =SUM(G65:AK65) -> 14 | AM65: 32000 | AN65: =AM65*AL65 -> 448000
A66: H3 | B66: 28 | C66: TECHELET | E66: PIERRE | F66: 25980292-K | H66: 1 | I66: 1 | J66: 1 | K66: 1 | L66: 1 | M66: 1 | N66: 1 | O66: 1 | P66: 1 | Q66: 1 | R66: 1 | S66: 1 | T66: 1 | U66: 1 | AL66: =SUM(G66:AK66) -> 14 | AM66: 32000 | AN66: =AM66*AL66 -> 448000
A67: H3 | B67: 33 | C67: AVILA | D67: FIGUEROA | E67: DIEGO | F67: 18225145-3 | H67: 1 | I67: 1 | J67: 1 | K67: 1 | L67: 1 | M67: 1 | N67: 1 | O67: 1 | P67: 1 | Q67: 1 | R67: 1 | S67: 1 | T67: 1 | U67: 1 | AL67: =SUM(G67:AK67) -> 14 | AM67: 32000 | AN67: =AM67*AL67 -> 448000
A68: H3 | B68: 33 | C68: MORAGA | D68: RETAMAL | E68: JOSE | F68: 18656323-9 | H68: 1 | I68: 1 | J68: 1 | K68: 1 | L68: 1 | M68: 1 | N68: 1 | O68: 1 | P68: 1 | Q68: 1 | R68: 1 | S68: 1 | T68: 1 | U68: 1 | AL68: =SUM(G68:AK68) -> 14 | AM68: 32000 | AN68: =AM68*AL68 -> 448000
A69: H3 | B69: 39 | C69: ALMONACID | D69: ARIAS | E69: CHRISTIAN | F69: 8009066-8 | H69: 1 | I69: 1 | J69: 1 | K69: 1 | L69: 1 | M69: 1 | N69: 1 | O69: 1 | P69: 1 | Q69: 1 | R69: 1 | S69: 1 | T69: 1 | U69: 1 | AL69: =SUM(G69:AK69) -> 14 | AM69: 32000 | AN69: =AM69*AL69 -> 448000
A70: H3 | B70: 43 | C70: RAVANAL | D70: BELMAR | E70: ALEJANDRO | F70: 19052453-1 | H70: 1 | I70: 1 | J70: 1 | K70: 1 | L70: 1 | M70: 1 | N70: 1 | O70: 1 | P70: 1 | Q70: 1 | R70: 1 | S70: 1 | T70: 1 | U70: 1 | AL70: =SUM(G70:AK70) -> 14 | AM70: 32000 | AN70: =AM70*AL70 -> 448000
A71: H3 | B71: 46 | C71: ANCANAO | D71: RODRIGUEZ | E71: JUAN | F71: 15210383-2 | H71: 1 | I71: 1 | J71: 1 | K71: 1 | L71: 1 | M71: 1 | N71: 1 | O71: 1 | P71: 1 | Q71: 1 | R71: 1 | S71: 1 | T71: 1 | U71: 1 | AL71: =SUM(G71:AK71) -> 14 | AM71: 32000 | AN71: =AM71*AL71 -> 448000
A72: H3 | B72: 46 | C72: COFRE | D72: TRONCOSO | E72: PATRICIO | F72: 13155394-3 | H72: 1 | I72: 1 | J72: 1 | K72: 1 | L72: 1 | M72: 1 | N72: 1 | O72: 1 | P72: 1 | Q72: 1 | R72: 1 | S72: 1 | T72: 1 | U72: 1 | AL72: =SUM(G72:AK72) -> 14 | AM72: 32000 | AN72: =AM72*AL72 -> 448000
A73: H3 | B73: 47 | C73: REYES | D73: CERDA | E73: CESAR | F73: 9397068-3 | H73: 1 | I73: 1 | J73: 1 | K73: 1 | L73: 1 | M73: 1 | N73: 1 | O73: 1 | P73: 1 | Q73: 1 | R73: 1 | S73: 1 | T73: 1 | U73: 1 | AL73: =SUM(G73:AK73) -> 14 | AM73: 32000 | AN73: =AM73*AL73 -> 448000
A74: H3 | B74: 50 | C74: ROSALES | D74: ARAVENA | E74: LEANDRO | F74: 16140720-8 | H74: 1 | I74: 1 | J74: 1 | K74: 1 | L74: 1 | M74: 1 | N74: 1 | O74: 1 | P74: 1 | Q74: 1 | R74: 1 | S74: 1 | T74: 1 | U74: 1 | AL74: =SUM(G74:AK74) -> 14 | AM74: 32000 | AN74: =AM74*AL74 -> 448000
A75: H3 | B75: 50 | C75: VEGA | D75: GONZALEZ | E75: BRYAN | F75: 19149881-K | H75: 1 | I75: 1 | J75: 1 | K75: 1 | L75: 1 | M75: 1 | N75: 1 | O75: 1 | P75: 1 | Q75: 1 | R75: 1 | S75: 1 | T75: 1 | U75: 1 | AL75: =SUM(G75:AK75) -> 14 | AM75: 32000 | AN75: =AM75*AL75 -> 448000
A76: H3 | B76: 51 | C76: ACEVEDO | D76: LETELIER | E76: CRISTIAN | F76: 16856842-8 | H76: 1 | I76: 1 | J76: 1 | K76: 1 | L76: 1 | M76: 1 | N76: 1 | O76: 1 | P76: 1 | Q76: 1 | R76: 1 | S76: 1 | T76: 1 | U76: 1 | AL76: =SUM(G76:AK76) -> 14 | AM76: 32000 | AN76: =AM76*AL76 -> 448000
A77: H3 | B77: 51 | C77: SOTO | D77: RODRIGUEZ | E77: ROBERTO | F77: 14332421-4 | H77: 1 | I77: 1 | J77: 1 | K77: 1 | L77: 1 | M77: 1 | N77: 1 | O77: 1 | P77: 1 | Q77: 1 | R77: 1 | S77: 1 | T77: 1 | U77: 1 | AL77: =SUM(G77:AK77) -> 14 | AM77: 32000 | AN77: =AM77*AL77 -> 448000
A78: H3 | B78: 56 | C78: TUESTA | D78: DANTAS | E78: RAUL | F78: 33666443-8 | I78: 1 | J78: 1 | K78: 1 | L78: 1 | M78: 1 | N78: 1 | O78: 1 | P78: 1 | Q78: 1 | R78: 1 | S78: 1 | T78: 1 | U78: 1 | AL78: =SUM(G78:AK78) -> 13 | AM78: 32000 | AN78: =AM78*AL78 -> 416000
A79: H3 | B79: 56 | C79: VELASQUEZ | D79: HELBER | E79: MAURICIO | F79: 338477897 | I79: 1 | J79: 1 | K79: 1 | L79: 1 | M79: 1 | N79: 1 | O79: 1 | P79: 1 | Q79: 1 | R79: 1 | S79: 1 | T79: 1 | U79: 1 | AL79: =SUM(G79:AK79) -> 13 | AM79: 32000 | AN79: =AM79*AL79 -> 416000
A80: H3 | B80: 65 | C80: NOVOA | D80: RAMIREZ | E80: GERSON | F80: 17641321-2 | H80: 1 | I80: 1 | J80: 1 | AL80: =SUM(G80:AK80) -> 3 | AM80: 32000 | AN80: =AM80*AL80 -> 96000
A81: H3 | B81: 65 | C81: CALPIQUEO | D81: PAILLACAN | E81: ALIRO | F81: 15239015-7 | H81: 1 | I81: 1 | J81: 1 | K81: 1 | L81: 1 | M81: 1 | N81: 1 | O81: 1 | P81: 1 | Q81: 1 | R81: 1 | S81: 1 | T81: 1 | U81: 1 | AL81: =SUM(G81:AK81) -> 14 | AM81: 32000 | AN81: =AM81*AL81 -> 448000
A82: H3 | B82: 66 | C82: ALMAZABAL | D82: SAAVEDRA | E82: OMERANDO | F82: 14444202-4 | H82: 1 | I82: 1 | J82: 1 | K82: 1 | L82: 1 | M82: 1 | N82: 1 | O82: 1 | AL82: =SUM(G82:AK82) -> 8 | AM82: 32000 | AN82: =AM82*AL82 -> 256000
A83: H3 | B83: 71 | C83: MORENO | D83: MORENO | E83: BETZABETH | F83: 19933618-5 | H83: 1 | I83: 1 | J83: 1 | K83: 1 | L83: 1 | M83: 1 | N83: 1 | O83: 1 | P83: 1 | Q83: 1 | R83: 1 | S83: 1 | T83: 1 | U83: 1 | AL83: =SUM(G83:AK83) -> 14 | AM83: 32000 | AN83: =AM83*AL83 -> 448000
A84: H3 | B84: 77 | C84: GONZALEZ | D84: ARRIGADA | E84: PATRICIA | F84: 12484559-9 | H84: 1 | I84: 1 | J84: 1 | K84: 1 | L84: 1 | M84: 1 | N84: 1 | O84: 1 | P84: 1 | Q84: 1 | R84: 1 | S84: 1 | T84: 1 | U84: 1 | AL84: =SUM(G84:AK84) -> 14 | AM84: 32000 | AN84: =AM84*AL84 -> 448000
A85: H3 | B85: 81 | C85: HUAMACTO | D85: VIVANCO | E85: ALDO | F85: 33655503-5 | J85: 1 | K85: 1 | L85: 1 | M85: 1 | N85: 1 | O85: 1 | P85: 1 | Q85: 1 | R85: 1 | S85: 1 | T85: 1 | U85: 1 | AL85: =SUM(G85:AK85) -> 12 | AM85: 32000 | AN85: =AM85*AL85 -> 384000
A86: H3 | B86: 81 | C86: PIO | D86: MICHUY | E86: LADISLAO | F86: 33655589-2 | J86: 1 | K86: 1 | L86: 1 | M86: 1 | N86: 1 | O86: 1 | P86: 1 | Q86: 1 | R86: 1 | S86: 1 | T86: 1 | U86: 1 | AL86: =SUM(G86:AK86) -> 12 | AM86: 32000 | AN86: =AM86*AL86 -> 384000
A87: H3 | B87: 82 | C87: SANCHEZ | D87: SATALAYA | E87: GENIX | F87: 44484815-4 | I87: 1 | J87: 1 | K87: 1 | L87: 1 | M87: 1 | N87: 1 | O87: 1 | P87: 1 | Q87: 1 | R87: 1 | S87: 1 | T87: 1 | U87: 1 | AL87: =SUM(G87:AK87) -> 13 | AM87: 32000 | AN87: =AM87*AL87 -> 416000
A88: H3 | B88: 82 | C88: HUAYRA | D88: QUISPE | E88: FIDEL | F88: 44484808-1 | I88: 1 | J88: 1 | K88: 1 | L88: 1 | M88: 1 | N88: 1 | O88: 1 | P88: 1 | Q88: 1 | R88: 1 | S88: 1 | T88: 1 | U88: 1 | AL88: =SUM(G88:AK88) -> 13 | AM88: 32000 | AN88: =AM88*AL88 -> 416000
A89: H3 | B89: 83 | C89: CIRIACO | D89: PASCUAL | E89: EDSON | F89: 44484803-0 | I89: 1 | J89: 1 | K89: 1 | L89: 1 | M89: 1 | N89: 1 | O89: 1 | P89: 1 | Q89: 1 | R89: 1 | S89: 1 | T89: 1 | U89: 1 | AL89: =SUM(G89:AK89) -> 13 | AM89: 32000 | AN89: =AM89*AL89 -> 416000
A90: H3 | B90: 83 | C90: GONZALES | D90: PALOMINO | E90: LUIS | F90: 44484870-7 | I90: 1 | J90: 1 | K90: 1 | L90: 1 | M90: 1 | N90: 1 | O90: 1 | P90: 1 | Q90: 1 | R90: 1 | S90: 1 | T90: 1 | U90: 1 | AL90: =SUM(G90:AK90) -> 13 | AM90: 32000 | AN90: =AM90*AL90 -> 416000
A91: H3 | B91: 84 | C91: SALINAS | D91: SEPULVEDA | E91: DANIELA | F91: 17885860-2 | H91: 1 | I91: 1 | J91: 1 | K91: 1 | L91: 1 | M91: 1 | N91: 1 | O91: 1 | P91: 1 | Q91: 1 | R91: 1 | S91: 1 | T91: 1 | U91: 1 | AL91: =SUM(G91:AK91) -> 14 | AM91: 32000 | AN91: =AM91*AL91 -> 448000
A92: H3 | B92: 88 | C92: ZAMBRANO | D92: QUISPE | E92: HERMINIO | F92: 44484835-9 | I92: 1 | J92: 1 | K92: 1 | L92: 1 | M92: 1 | N92: 1 | O92: 1 | P92: 1 | Q92: 1 | R92: 1 | S92: 1 | T92: 1 | U92: 1 | AL92: =SUM(G92:AK92) -> 13 | AM92: 32000 | AN92: =AM92*AL92 -> 416000
A93: H3 | B93: 88 | C93: HUACCHA | D93: LLANOS | E93: PATRICIO | F93: 44486389-7 | I93: 1 | J93: 1 | K93: 1 | L93: 1 | M93: 1 | N93: 1 | O93: 1 | P93: 1 | Q93: 1 | R93: 1 | S93: 1 | T93: 1 | U93: 1 | AL93: =SUM(G93:AK93) -> 13 | AM93: 32000 | AN93: =AM93*AL93 -> 416000
A94: H3 | B94: 89 | C94: MAMANI | D94: AREVALO | E94: JESUS | F94: 44484851-0 | I94: 1 | J94: 1 | K94: 1 | L94: 1 | M94: 1 | N94: 1 | O94: 1 | P94: 1 | Q94: 1 | R94: 1 | S94: 1 | T94: 1 | U94: 1 | AL94: =SUM(G94:AK94) -> 13 | AM94: 32000 | AN94: =AM94*AL94 -> 416000
A95: H3 | B95: 89 | C95: TORRE | D95: VALENZUELA | E95: LIDO | F95: 44484861-8 | I95: 1 | J95: 1 | K95: 1 | L95: 1 | M95: 1 | N95: 1 | O95: 1 | P95: 1 | Q95: 1 | R95: 1 | S95: 1 | T95: 1 | U95: 1 | AL95: =SUM(G95:AK95) -> 13 | AM95: 32000 | AN95: =AM95*AL95 -> 416000
A96: H3 | B96: 90 | C96: YACTAYO | D96: VERGARAY | E96: JAIME | F96: 44484842-1 | J96: 1 | K96: 1 | L96: 1 | M96: 1 | N96: 1 | O96: 1 | P96: 1 | Q96: 1 | R96: 1 | S96: 1 | T96: 1 | U96: 1 | AL96: =SUM(G96:AK96) -> 12 | AM96: 32000 | AN96: =AM96*AL96 -> 384000
A97: H3 | B97: 90 | C97: HUAMAN | D97: PAUCAR | E97: JUVELIO | F97: 33655736-4 | J97: 1 | K97: 1 | L97: 1 | M97: 1 | N97: 1 | O97: 1 | P97: 1 | Q97: 1 | R97: 1 | S97: 1 | T97: 1 | U97: 1 | AL97: =SUM(G97:AK97) -> 12 | AM97: 32000 | AN97: =AM97*AL97 -> 384000
A98: H3 | B98: 65 | C98: CACCALA | D98: YANSAPI | E98: JESUS | F98: 444849967 | L98: 1 | M98: 1 | N98: 1 | O98: 1 | P98: 1 | Q98: 1 | R98: 1 | S98: 1 | T98: 1 | U98: 1 | AL98: =SUM(G98:AK98) -> 10 | AM98: 32000 | AN98: =AM98*AL98 -> 320000
A99: H3 | B99: 66 | C99: SANCHEZ | D99: HANCO | E99: WILSON | F99: 12493121-5 | L99: 1 | M99: 1 | N99: 1 | O99: 1 | P99: 1 | Q99: 1 | R99: 1 | S99: 1 | T99: 1 | U99: 1 | AL99: =SUM(G99:AK99) -> 10 | AM99: 32000 | AN99: =AM99*AL99 -> 320000
A100: H3 | B100: 1 | C100: DECARLI | D100: PARDO | E100: NATHALIE | F100: 17844247-1 | AB100: 1 | AC100: 1 | AD100: 1 | AE100: 1 | AF100: 1 | AG100: 1 | AH100: 1 | AI100: 1 | AL100: =SUM(G100:AK100) -> 8 | AM100: 32000 | AN100: =AM100*AL100 -> 256000
A101: H3 | B101: 1 | C101: GODOY | D101: ALVARADO | E101: CATALINA | F101: 2098571-5 | AC101: 1 | AD101: 1 | AE101: 1 | AF101: 1 | AG101: 1 | AH101: 1 | AI101: 1 | AJ101: 1 | AK101: 1 | AL101: =SUM(G101:AK101) -> 9 | AM101: 32000 | AN101: =AM101*AL101 -> 288000
A102: H3 | B102: 2 | C102: RUBILAR | D102: ARTEAGA | E102: CARMELO | F102: 9082009-5 | AB102: 1 | AC102: 1 | AD102: 1 | AE102: 1 | AF102: 1 | AG102: 1 | AH102: 1 | AI102: 1 | AJ102: 1 | AK102: 1 | AL102: =SUM(G102:AK102) -> 10 | AM102: 32000 | AN102: =AM102*AL102 -> 320000
A103: H3 | B103: 2 | C103: SANHUEZA | D103: ALARCON | E103: LUIS | F103: 12975248-3 | AB103: 1 | AC103: 1 | AD103: 1 | AE103: 1 | AF103: 1 | AG103: 1 | AH103: 1 | AI103: 1 | AJ103: 1 | AK103: 1 | AL103: =SUM(G103:AK103) -> 10 | AM103: 32000 | AN103: =AM103*AL103 -> 320000
A104: H3 | B104: 3 | C104: MORENO | D104: ELMES | E104: ALEXIS | F104: 15193102-2 | AB104: 1 | AC104: 1 | AD104: 1 | AE104: 1 | AF104: 1 | AG104: 1 | AH104: 1 | AI104: 1 | AJ104: 1 | AK104: 1 | AL104: =SUM(G104:AK104) -> 10 | AM104: 32000 | AN104: =AM104*AL104 -> 320000
A105: H3 | B105: 3 | C105: CONEJEROS | D105: MATURANA | E105: MANUEL | F105: 13269015-4 | AB105: 1 | AC105: 1 | AD105: 1 | AE105: 1 | AF105: 1 | AG105: 1 | AH105: 1 | AI105: 1 | AJ105: 1 | AK105: 1 | AL105: =SUM(G105:AK105) -> 10 | AM105: 32000 | AN105: =AM105*AL105 -> 320000
A106: H3 | B106: 4 | C106: LIZANA | D106: ZAMBRANO | E106: MAYKOL | F106: 19109861-7 | AB106: 1 | AC106: 1 | AD106: 1 | AE106: 1 | AF106: 1 | AG106: 1 | AH106: 1 | AI106: 1 | AJ106: 1 | AK106: 1 | AL106: =SUM(G106:AK106) -> 10 | AM106: 32000 | AN106: =AM106*AL106 -> 320000
A107: H3 | B107: 4 | C107: LIZANA | D107: ZAMBRANO | E107: JUAN | F107: 16601410-7 | AB107: 1 | AC107: 1 | AD107: 1 | AE107: 1 | AF107: 1 | AG107: 1 | AH107: 1 | AI107: 1 | AJ107: 1 | AK107: 1 | AL107: =SUM(G107:AK107) -> 10 | AM107: 32000 | AN107: =AM107*AL107 -> 320000
A108: H3 | B108: 8 | C108: SUAZO | D108: MARTINEZ | E108: ERIK | F108: 13958576-3 | AB108: 1 | AC108: 1 | AD108: 1 | AE108: 1 | AF108: 1 | AG108: 1 | AH108: 1 | AI108: 1 | AJ108: 1 | AK108: 1 | AL108: =SUM(G108:AK108) -> 10 | AM108: 32000 | AN108: =AM108*AL108 -> 320000
A109: H3 | B109: 8 | C109: SANCHEZ | D109: FUENTES | E109: DANIEL | F109: 13578303-K | AB109: 1 | AC109: 1 | AD109: 1 | AE109: 1 | AF109: 1 | AG109: 1 | AH109: 1 | AI109: 1 | AJ109: 1 | AK109: 1 | AL109: =SUM(G109:AK109) -> 10 | AM109: 32000 | AN109: =AM109*AL109 -> 320000
A110: H3 | B110: 9 | C110: CID | D110: WOENCKHAUS | E110: FERNANDO | F110: 16161132-8 | AB110: 1 | AC110: 1 | AD110: 1 | AE110: 1 | AF110: 1 | AG110: 1 | AH110: 1 | AI110: 1 | AJ110: 1 | AK110: 1 | AL110: =SUM(G110:AK110) -> 10 | AM110: 32000 | AN110: =AM110*AL110 -> 320000
A111: H3 | B111: 9 | C111: VIEDMA | D111: SANHUEZA | E111: JORGE | F111: 18821547-5 | AB111: 1 | AC111: 1 | AD111: 1 | AE111: 1 | AF111: 1 | AG111: 1 | AH111: 1 | AI111: 1 | AJ111: 1 | AK111: 1 | AL111: =SUM(G111:AK111) -> 10 | AM111: 32000 | AN111: =AM111*AL111 -> 320000
A112: H3 | B112: 10 | C112: MENESES | D112: TAPIA | E112: CRISTIAN | F112: 13328281-5 | Y112: 1 | Z112: 1 | AA112: 1 | AL112: =SUM(G112:AK112) -> 3 | AM112: 32000 | AN112: =AM112*AL112 -> 96000
A113: H3 | B113: 10 | C113: LEVI | D113: LEVI | E113: JAVIER | F113: 15925880-7 | AB113: 1 | AC113: 1 | AD113: 1 | AE113: 1 | AF113: 1 | AG113: 1 | AH113: 1 | AI113: 1 | AJ113: 1 | AK113: 1 | AL113: =SUM(G113:AK113) -> 10 | AM113: 32000 | AN113: =AM113*AL113 -> 320000
A114: H3 | B114: 10 | C114: RODRIGUEZ | D114: GONZALEZ | E114: CLAUDIO | F114: 14099109-0 | AB114: 1 | AC114: 1 | AD114: 1 | AE114: 1 | AF114: 1 | AG114: 1 | AH114: 1 | AI114: 1 | AJ114: 1 | AK114: 1 | AL114: =SUM(G114:AK114) -> 10 | AM114: 32000 | AN114: =AM114*AL114 -> 320000
A115: H3 | B115: 11 | C115: CEBALLOS | D115: JORQUERA | E115: MANUEL | F115: 12563475-3 | V115: 1 | AL115: =SUM(G115:AK115) -> 1 | AM115: 32000 | AN115: =AM115*AL115 -> 32000
A116: H3 | B116: 12 | C116: ALVARADO | D116: MARAMBO | E116: JOCELYN | F116: 17840924-7 | AD116: 1 | AE116: 1 | AF116: 1 | AG116: 1 | AH116: 1 | AI116: 1 | AL116: =SUM(G116:AK116) -> 6 | AM116: 32000 | AN116: =AM116*AL116 -> 192000
A117: H3 | B117: 12 | C117: SEPULVEDA | D117: MUÑOZ | E117: DYANA | F117: 19169750-2 | AE117: 1 | AF117: 1 | AG117: 1 | AH117: 1 | AI117: 1 | AJ117: 1 | AK117: 1 | AL117: =SUM(G117:AK117) -> 7 | AM117: 32000 | AN117: =AM117*AL117 -> 224000
A118: H3 | B118: 13 | C118: REYES | D118: VALLEJOS | E118: DANILO | F118: 20199559-0 | V118: 1 | W118: 1 | X118: 1 | Y118: 1 | Z118: 1 | AA118: 1 | AB118: 1 | AC118: 1 | AD118: 1 | AE118: 1 | AF118: 1 | AG118: 1 | AH118: 1 | AI118: 1 | AJ118: 1 | AK118: 1 | AL118: =SUM(G118:AK118) -> 16 | AM118: 32000 | AN118: =AM118*AL118 -> 512000
A119: H3 | B119: 13 | C119: SALINAS | D119: RIQUELME | E119: DAVID | F119: 18181104-8 | V119: 1 | W119: 1 | X119: 1 | Y119: 1 | Z119: 1 | AA119: 1 | AB119: 1 | AC119: 1 | AD119: 1 | AE119: 1 | AF119: 1 | AG119: 1 | AH119: 1 | AI119: 1 | AJ119: 1 | AK119: 1 | AL119: =SUM(G119:AK119) -> 16 | AM119: 32000 | AN119: =AM119*AL119 -> 512000
A120: H3 | B120: 15 | C120: JOFRE | D120: CUEVAS | E120: JORDAN | F120: 17969343-7 | V120: 1 | W120: 1 | X120: 1 | Y120: 1 | Z120: 1 | AA120: 1 | AB120: 1 | AC120: 1 | AD120: 1 | AE120: 1 | AF120: 1 | AG120: 1 | AH120: 1 | AI120: 1 | AJ120: 1 | AK120: 1 | AL120: =SUM(G120:AK120) -> 16 | AM120: 32000 | AN120: =AM120*AL120 -> 512000
A121: H3 | B121: 15 | C121: CHARO | D121: SUAZO | E121: ERWIN | F121: 10025922-2 | V121: 1 | W121: 1 | X121: 1 | Y121: 1 | Z121: 1 | AA121: 1 | AB121: 1 | AC121: 1 | AD121: 1 | AE121: 1 | AF121: 1 | AG121: 1 | AH121: 1 | AI121: 1 | AJ121: 1 | AK121: 1 | AL121: =SUM(G121:AK121) -> 16 | AM121: 32000 | AN121: =AM121*AL121 -> 512000
A122: H3 | B122: 16 | C122: CISTERNAS | D122: VALDEBENITO | E122: ALEJANDRO | F122: 13626858-9 | V122: 1 | W122: 1 | X122: 1 | Y122: 1 | Z122: 1 | AA122: 1 | AB122: 1 | AC122: 1 | AD122: 1 | AE122: 1 | AF122: 1 | AG122: 1 | AH122: 1 | AI122: 1 | AJ122: 1 | AK122: 1 | AL122: =SUM(G122:AK122) -> 16 | AM122: 32000 | AN122: =AM122*AL122 -> 512000
...

Sheet ACONCAGUA
A6: CORRELATIVO Nº4 | G6: 45839 | H6: 45840 | I6: 45841 | J6: 45842 | K6: 45843 | L6: 45844 | M6: 45845 | N6: 45846 | O6: 45847 | P6: 45848 | Q6: 45849 | R6: 45850 | S6: 45851 | T6: 45852 | U6: 45853 | V6: 45854 | W6: 45855 | X6: 45856 | Y6: 45857 | Z6: 45858 | AA6: 45859 | AB6: 45860 | AC6: 45861 | AD6: 45862 | AE6: 45863 | AF6: 45864 | AG6: 45865 | AH6: 45866 | AI6: 45867 | AJ6: 45868 | AK6: 45869 | AL6: 01 AL 31 DE JULIO
B9: HAB | C9: APELLIDO PATERNO | D9: APELLIDO MATERNO | E9: NOMBRE | F9: RUT | AL9: D. OCUP | AM9: V. OCUP | AN9: T. OCUP.
A10: AC | B10: 203 | C10: MOSCOSO | D10: SAEZ | E10: DANIEL | F10: 17678108-4 | G10: 1 | AL10: =SUM(G10:AK10) -> 1 | AM10: 33000 | AN10: =AM10*AL10 -> 33000
A11: AC | B11: 203 | C11: SEPULVEDA | D11: ABURTO | E11: FERNANDO | F11: 17319810-8 | G11: 1 | AL11: =SUM(G11:AK11) -> 1 | AM11: 33000 | AN11: =AM11*AL11 -> 33000
A12: AC | B12: 205 | C12: VELIS | D12: VARAS | E12: CLAUDIO | F12: 16728609-7 | G12: 1 | AL12: =SUM(G12:AK12) -> 1 | AM12: 33000 | AN12: =AM12*AL12 -> 33000
A13: AC | B13: 205 | C13: VALENZUELA | D13: NUÑEZ | E13: ESTEBAN | F13: 19408470-6 | G13: 1 | AL13: =SUM(G13:AK13) -> 1 | AM13: 33000 | AN13: =AM13*AL13 -> 33000
A14: AC | B14: 302 | C14: OLIVARES | D14: MIGUELES | E14: GONZALO | F14: 18843149-6 | G14: 1 | AL14: =SUM(G14:AK14) -> 1 | AM14: 33000 | AN14: =AM14*AL14 -> 33000
A15: AC | B15: 302 | C15: VILLARREAL | D15: CERNA | E15: EDWAR | F15: 20101406-9 | G15: 1 | AL15: =SUM(G15:AK15) -> 1 | AM15: 33000 | AN15: =AM15*AL15 -> 33000
A16: AC | B16: 304 | C16: CARRASCO | D16: AVILA | E16: CYNTHIA | F16: 19278457-3 | G16: 1 | AL16: =SUM(G16:AK16) -> 1 | AM16: 33000 | AN16: =AM16*AL16 -> 33000
A17: AC | B17: 304 | C17: TOLOZA | D17: ARROYO | E17: KATHERINE | F17: 15188041-K | G17: 1 | AL17: =SUM(G17:AK17) -> 1 | AM17: 33000 | AN17: =AM17*AL17 -> 33000
A18: AC | B18: 404 | C18: QUEVEDO | D18: MERINO | E18: CRISTÓBAL | F18: 19359014-4 | G18: 1 | AL18: =SUM(G18:AK18) -> 1 | AM18: 33000 | AN18: =AM18*AL18 -> 33000
A19: AC | B19: 404 | C19: AMESTICA | D19: HURVINA | E19: JORGE | F19: 19720960-7 | G19: 1 | AL19: =SUM(G19:AK19) -> 1 | AM19: 33000 | AN19: =AM19*AL19 -> 33000
A20: AC | B20: 604 | C20: GALAZ | D20: GONZALEZ | E20: ALEJANDRO | F20: 19527019-8 | G20: 1 | AL20: =SUM(G20:AK20) -> 1 | AM20: 33000 | AN20: =AM20*AL20 -> 33000
A21: AC | B21: 604 | C21: PINTO | D21: CHAVEZ | E21: CLAUDIO | F21: 13726534-6 | G21: 1 | AL21: =SUM(G21:AK21) -> 1 | AM21: 33000 | AN21: =AM21*AL21 -> 33000
... A27: AC | B27: 1302 | C27: DIAZ | D27: ZAMORANO | E27: VALENTINA | F27: 17764546-K | G27: 1 | AL27: =SUM(G27:AK27) -> 1 | AM27: 33000 | AN27: =AM27*AL27 -> 33000
A28: AC | B28: 1402 | C28: BRUNA | D28: ARAYA | E28: EDUARDO | F28: 16325978-8 | AL28: =SUM(G28:AK28) -> 0 | AM28: 33000 | AN28: =AM28*AL28 -> 0
A29: AC | B29: 1402 | C29: HERMOSILLA | D29: GUZMAN | E29: HECTOR | F29: 19297281-7 | G29: 1 | AL29: =SUM(G29:AK29) -> 1 | AM29: 33000 | AN29: =AM29*AL29 -> 33000
A30: AC | B30: 203 | C30: MOSCOSO | E30: DANIEL | F30: 17678108-4 | H30: 1 | M30: 1 | N30: 1 | AL30: =SUM(G30:AK30) -> 3 | AM30: 33000 | AN30: =AM30*AL30 -> 99000
A31: AC | B31: 203 | C31: VARAS | D31: CEPEDA | E31: BASTIAN | F31: 20779661-1 | H31: 1 | I31: 1 | J31: 1 | K31: 1 | L31: 1 | M31: 1 | N31: 1 | AL31: =SUM(G31:AK31) -> 7 | AM31: 33000 | AN31: =AM31*AL31 -> 231000
A32: AC | B32: 205 | C32: ZARATE | E32: FABIAN | F32: 18150201-0 | H32: 1 | I32: 1 | J32: 1 | K32: 1 | L32: 1 | M32: 1 | N32: 1 | AL32: =SUM(G32:AK32) -> 7 | AM32: 33000 | AN32: =AM32*AL32 -> 231000
A33: AC | B33: 205 | C33: SEPULVEDA | E33: GONZALO | F33: 18408247-0 | H33: 1 | I33: 1 | J33: 1 | K33: 1 | L33: 1 | M33: 1 | N33: 1 | AL33: =SUM(G33:AK33) -> 7 | AM33: 33000 | AN33: =AM33*AL33 -> 231000
A34: AC | B34: 302 | C34: BERNARD | E34: FERNANDO | F34: 17137085-K | H34: 1 | I34: 1 | J34: 1 | K34: 1 | L34: 1 | M34: 1 | N34: 1 | AL34: =SUM(G34:AK34) -> 7 | AM34: 33000 | AN34: =AM34*AL34 -> 231000
A35: AC | B35: 302 | C35: ARCHILES | E35: FELIX | F35: 17137111-2 | H35: 1 | I35: 1 | J35: 1 | K35: 1 | L35: 1 | M35: 1 | N35: 1 | AL35: =SUM(G35:AK35) -> 7 | AM35: 33000 | AN35: =AM35*AL35 -> 231000
A36: AC | B36: 304 | C36: AGUILERA | E36: JORGE | F36: 19122318-7 | H36: 1 | I36: 1 | J36: 1 | K36: 1 | L36: 1 | M36: 1 | N36: 1 | AL36: =SUM(G36:AK36) -> 7 | AM36: 33000 | AN36: =AM36*AL36 -> 231000
A37: AC | B37: 304 | C37: AZOCAR | E37: NICOLAS | F37: 19114498-8 | H37: 1 | I37: 1 | J37: 1 | K37: 1 | L37: 1 | M37: 1 | N37: 1 | AL37: =SUM(G37:AK37) -> 7 | AM37: 33000 | AN37: =AM37*AL37 -> 231000
A38: AC | B38: 404 | C38: TENORIO | E38: JOSE | F38: 18579932-8 | H38: 1 | I38: 1 | J38: 1 | K38: 1 | L38: 1 | M38: 1 | N38: 1 | AL38: =SUM(G38:AK38) -> 7 | AM38: 33000 | AN38: =AM38*AL38 -> 231000
A39: AC | B39: 404 | C39: CARRASCO | E39: FELIPE | F39: 16690731-4 | H39: 1 | I39: 1 | J39: 1 | K39: 1 | L39: 1 | M39: 1 | N39: 1 | AL39: =SUM(G39:AK39) -> 7 | AM39: 33000 | AN39: =AM39*AL39 -> 231000
A40: AC | B40: 604 | C40: ALEGRIA | D40: HUERAMAN | E40: CARLOS | F40: 19835830-4 | H40: 1 | I40: 1 | J40: 1 | K40: 1 | L40: 1 | M40: 1 | N40: 1 | AL40: =SUM(G40:AK40) -> 7 | AM40: 33000 | AN40: =AM40*AL40 -> 231000
A41: AC | B41: 604 | C41: CUEVAS | D41: VALENZUELA | E41: SERGIO | F41: 19510126-4 | H41: 1 | I41: 1 | J41: 1 | K41: 1 | L41: 1 | M41: 1 | N41: 1 | AL41: =SUM(G41:AK41) -> 7 | AM41: 33000 | AN41: =AM41*AL41 -> 231000
A42: AC | B42: 903 | C42: CERECEDA | E42: SOLANGE | F42: 17172403-1 | H42: 1 | I42: 1 | J42: 1 | K42: 1 | L42: 1 | M42: 1 | N42: 1 | AL42: =SUM(G42:AK42) -> 7 | AM42: 33000 | AN42: =AM42*AL42 -> 231000
A43: AC | B43: 903 | C43: PEREZ | E43: MARIA | F43: 18785701-5 | H43: 1 | I43: 1 | J43: 1 | K43: 1 | L43: 1 | M43: 1 | N43: 1 | AL43: =SUM(G43:AK43) -> 7 | AM43: 33000 | AN43: =AM43*AL43 -> 231000
A44: AC | B44: 1101 | C44: BARRIENTOS | E44: ROCIO | F44: 19907354-0 | H44: 1 | I44: 1 | J44: 1 | K44: 1 | L44: 1 | M44: 1 | N44: 1 | AL44: =SUM(G44:AK44) -> 7 | AM44: 33000 | AN44: =AM44*AL44 -> 231000
A45: AC | B45: 1101 | C45: VALENZUELA | E45: VICTORIA | F45: 19120001-2 | H45: 1 | I45: 1 | J45: 1 | K45: 1 | L45: 1 | M45: 1 | N45: 1 | AL45: =SUM(G45:AK45) -> 7 | AM45: 33000 | AN45: =AM45*AL45 -> 231000
A46: AC | B46: 1302 | C46: FLORES | D46: BAUTISTA | E46: MILENA | F46: 18579932-8 | H46: 1 | I46: 1 | J46: 1 | K46: 1 | L46: 1 | M46: 1 | N46: 1 | AL46: =SUM(G46:AK46) -> 7 | AM46: 33000 | AN46: =AM46*AL46 -> 231000
A47: AC | B47: 1302 | C47: SOTO | D47: HERRERA | E47: MARIA | F47: 19797369-2 | H47: 1 | AL47: =SUM(G47:AK47) -> 1 | AM47: 33000 | AN47: =AM47*AL47 -> 33000
A48: AC | B48: 1402 | C48: CORNEJO | E48: RONALD | F48: 13507456-K | H48: 1 | I48: 1 | J48: 1 | K48: 1 | L48: 1 | M48: 1 | N48: 1 | AL48: =SUM(G48:AK48) -> 7 | AM48: 33000 | AN48: =AM48*AL48 -> 231000
A49: AC | B49: 1402 | C49: DUARTE | E49: JORGE | F49: 9635487-8 | H49: 1 | I49: 1 | J49: 1 | K49: 1 | L49: 1 | M49: 1 | N49: 1 | AL49: =SUM(G49:AK49) -> 7 | AM49: 33000 | AN49: =AM49*AL49 -> 231000
A50: AC | B50: 203 | C50: MOSCOSO | D50: SAEZ | E50: DANIEL | F50: 17678108-4 | O50: 1 | P50: 1 | AL50: =SUM(G50:AK50) -> 2 | AM50: 33000 | AN50: =AM50*AL50 -> 66000
A51: AC | B51: 203 | C51: SEPULVEDA | D51: ABURTO | E51: FERNANDO | F51: 17319810-8 | O51: 1 | P51: 1 | Q51: 1 | R51: 1 | AL51: =SUM(G51:AK51) -> 4 | AM51: 33000 | AN51: =AM51*AL51 -> 132000
A52: AC | B52: 205 | C52: VELIS | D52: VARAS | E52: CLAUDIO | F52: 16728609-7 | O52: 1 | P52: 1 | Q52: 1 | R52: 1 | S52: 1 | T52: 1 | U52: 1 | AL52: =SUM(G52:AK52) -> 7 | AM52: 33000 | AN52: =AM52*AL52 -> 231000
A53: AC | B53: 205 | C53: VALENZUELA | D53: NUÑEZ | E53: ESTEBAN | F53: 19408470-6 | O53: 1 | P53: 1 | Q53: 1 | R53: 1 | S53: 1 | T53: 1 | U53: 1 | AL53: =SUM(G53:AK53) -> 7 | AM53: 33000 | AN53: =AM53*AL53 -> 231000
A54: AC | B54: 302 | C54: OLIVARES | D54: MIGUELES | E54: GONZALO | F54: 18843149-6 | O54: 1 | P54: 1 | Q54: 1 | R54: 1 | S54: 1 | T54: 1 | U54: 1 | AL54: =SUM(G54:AK54) -> 7 | AM54: 33000 | AN54: =AM54*AL54 -> 231000
A55: AC | B55: 302 | C55: VILLARREAL | D55: CERNA | E55: EDWAR | F55: 20101406-9 | O55: 1 | P55: 1 | Q55: 1 | R55: 1 | S55: 1 | T55: 1 | U55: 1 | AL55: =SUM(G55:AK55) -> 7 | AM55: 33000 | AN55: =AM55*AL55 -> 231000
A56: AC | B56: 304 | C56: CARRASCO | D56: AVILA | E56: CYNTHIA | F56: 19278457-3 | O56: 1 | P56: 1 | Q56: 1 | R56: 1 | S56: 1 | T56: 1 | U56: 1 | AL56: =SUM(G56:AK56) -> 7 | AM56: 33000 | AN56: =AM56*AL56 -> 231000
A57: AC | B57: 304 | C57: TOLOZA | D57: ARROYO | E57: KATHERINE | F57: 15188041-K | O57: 1 | P57: 1 | Q57: 1 | R57: 1 | S57: 1 | T57: 1 | U57: 1 | AL57: =SUM(G57:AK57) -> 7 | AM57: 33000 | AN57: =AM57*AL57 -> 231000
A58: AC | B58: 403 | C58: MOSCOSO | D58: SAEZ | E58: DANIEL | F58: 17678108-4 | T58: 1 | U58: 1 | AL58: =SUM(G58:AK58) -> 2 | AM58: 60000 | AN58: =AM58*AL58 -> 120000
A59: AC | B59: 404 | C59: QUEVEDO | D59: MERINO | E59: CRISTÓBAL | F59: 19359014-4 | O59: 1 | P59: 1 | Q59: 1 | R59: 1 | S59: 1 | T59: 1 | U59: 1 | AL59: =SUM(G59:AK59) -> 7 | AM59: 33000 | AN59: =AM59*AL59 -> 231000
A60: AC | B60: 404 | C60: AMESTICA | D60: HURVINA | E60: JORGE | F60: 19720960-7 | O60: 1 | P60: 1 | Q60: 1 | R60: 1 | S60: 1 | T60: 1 | U60: 1 | AL60: =SUM(G60:AK60) -> 7 | AM60: 33000 | AN60: =AM60*AL60 -> 231000
A61: AC | B61: 604 | C61: ALEGRIA | D61: HUERAMAN | E61: CARLOS | F61: 19835830-4 | O61: 1 | P61: 1 | Q61: 1 | R61: 1 | S61: 1 | T61: 1 | U61: 1 | AL61: =SUM(G61:AK61) -> 7 | AM61: 33000 | AN61: =AM61*AL61 -> 231000
A62: AC | B62: 604 | C62: CUEVAS | D62: VALENZUELA | E62: SERGIO | F62: 19510126-4 | O62: 1 | P62: 1 | Q62: 1 | R62: 1 | S62: 1 | T62: 1 | U62: 1 | AL62: =SUM(G62:AK62) -> 7 | AM62: 33000 | AN62: =AM62*AL62 -> 231000
A63: AC | B63: 903 | C63: COVARRUBIAS | D63: PAVES | E63: JAVIERA | F63: 17353868-5 | O63: 1 | P63: 1 | Q63: 1 | R63: 1 | S63: 1 | T63: 1 | U63: 1 | AL63: =SUM(G63:AK63) -> 7 | AM63: 33000 | AN63: =AM63*AL63 -> 231000
A64: AC | B64: 903 | C64: CUETO | D64: PEZOA | E64: SUSANA | F64: 13225829-5 | O64: 1 | P64: 1 | Q64: 1 | R64: 1 | S64: 1 | T64: 1 | U64: 1 | AL64: =SUM(G64:AK64) -> 7 | AM64: 33000 | AN64: =AM64*AL64 -> 231000
A65: AC | B65: 1101 | C65: PINOCHET | D65: RETAMAL | E65: CONSUELO | F65: 17904147-2 | O65: 1 | P65: 1 | Q65: 1 | R65: 1 | S65: 1 | T65: 1 | U65: 1 | AL65: =SUM(G65:AK65) -> 7 | AM65: 33000 | AN65: =AM65*AL65 -> 231000
A66: AC | B66: 1101 | C66: SANDOVAL | D66: ARCE | E66: GISELA | F66: 19120950-8 | O66: 1 | P66: 1 | Q66: 1 | R66: 1 | S66: 1 | T66: 1 | U66: 1 | AL66: =SUM(G66:AK66) -> 7 | AM66: 33000 | AN66: =AM66*AL66 -> 231000
A67: AC | B67: 1302 | C67: RIVERA | D67: ARANCIBIA | E67: DANIELA | F67: 18024668-1 | O67: 1 | P67: 1 | Q67: 1 | R67: 1 | S67: 1 | T67: 1 | U67: 1 | AL67: =SUM(G67:AK67) -> 7 | AM67: 33000 | AN67: =AM67*AL67 -> 231000
A68: AC | B68: 1302 | C68: DIAZ | D68: ZAMORANO | E68: VALENTINA | F68: 17764546-K | O68: 1 | AL68: =SUM(G68:AK68) -> 1 | AM68: 33000 | AN68: =AM68*AL68 -> 33000
A69: AC | B69: 1402 | C69: VERGARA | E69: CLAUDIO | O69: 1 | AL69: =SUM(G69:AK69) -> 1 | AM69: 33000 | AN69: =AM69*AL69 -> 33000
A70: AC | B70: 1402 | C70: HERMOSILLA | D70: GUZMAN | E70: HECTOR | F70: 19297281-7 | O70: 1 | P70: 1 | Q70: 1 | R70: 1 | S70: 1 | T70: 1 | U70: 1 | AL70: =SUM(G70:AK70) -> 7 | AM70: 33000 | AN70: =AM70*AL70 -> 231000
A71: AC | B71: 1402 | C71: SEPULVEDA | D71: ABURTO | E71: FERNANDO | F71: 17319810-8 | S71: 1 | T71: 1 | U71: 1 | AL71: =SUM(G71:AK71) -> 3 | AM71: 33000 | AN71: =AM71*AL71 -> 99000
A72: AC | B72: 205 | C72: ZARATE | D72: BARRIGA | E72: FABIAN | F72: 18150201-0 | V72: 1 | W72: 1 | X72: 1 | Y72: 1 | Z72: 1 | AA72: 1 | AB72: 1 | AL72: =SUM(G72:AK72) -> 7 | AM72: 33000 | AN72: =AM72*AL72 -> 231000
A73: AC | B73: 205 | C73: SEPULVEDA | D73: NORAMBUENA | E73: GONZALO | F73: 18408247-0 | V73: 1 | W73: 1 | X73: 1 | Y73: 1 | Z73: 1 | AA73: 1 | AB73: 1 | AL73: =SUM(G73:AK73) -> 7 | AM73: 33000 | AN73: =AM73*AL73 -> 231000
A74: AC | B74: 302 | C74: BERNARD | D74: AVALOS | E74: FERNANDO | F74: 17137085-K | V74: 1 | W74: 1 | X74: 1 | Y74: 1 | Z74: 1 | AA74: 1 | AB74: 1 | AL74: =SUM(G74:AK74) -> 7 | AM74: 33000 | AN74: =AM74*AL74 -> 231000
A75: AC | B75: 302 | C75: ARCHILES | D75: SALVO | E75: FELIX | F75: 17137111-2 | V75: 1 | W75: 1 | X75: 1 | Y75: 1 | Z75: 1 | AA75: 1 | AB75: 1 | AL75: =SUM(G75:AK75) -> 7 | AM75: 33000 | AN75: =AM75*AL75 -> 231000
A76: AC | B76: 304 | C76: AGUILERA | D76: FUENTES | E76: JORGE | F76: 19122318-7 | V76: 1 | W76: 1 | X76: 1 | Y76: 1 | Z76: 1 | AA76: 1 | AB76: 1 | AL76: =SUM(G76:AK76) -> 7 | AM76: 33000 | AN76: =AM76*AL76 -> 231000
A77: AC | B77: 304 | C77: AZOCAR | D77: CORNEJO | E77: NICOLAS | F77: 19114498-8 | V77: 1 | W77: 1 | X77: 1 | Y77: 1 | Z77: 1 | AA77: 1 | AB77: 1 | AL77: =SUM(G77:AK77) -> 7 | AM77: 33000 | AN77: =AM77*AL77 -> 231000
A78: AC | B78: 403 | C78: BERRIOS | D78: SOLARI | E78: JOSE | F78: 19525733-7 | V78: 1 | W78: 1 | X78: 1 | Y78: 1 | Z78: 1 | AA78: 1 | AB78: 1 | AL78: =SUM(G78:AK78) -> 7 | AM78: 33000 | AN78: =AM78*AL78 -> 231000
A79: AC | B79: 403 | C79: VARAS | D79: CEPEDA | E79: BASTIAN | F79: 20779661-1 | V79: 1 | W79: 1 | X79: 1 | Y79: 1 | Z79: 1 | AA79: 1 | AB79: 1 | AL79: =SUM(G79:AK79) -> 7 | AM79: 33000 | AN79: =AM79*AL79 -> 231000
A80: AC | B80: 404 | C80: TENORIO | D80: BAUTISTA | E80: JOSE | F80: 18579932-8 | V80: 1 | W80: 1 | X80: 1 | Y80: 1 | Z80: 1 | AA80: 1 | AB80: 1 | AL80: =SUM(G80:AK80) -> 7 | AM80: 33000 | AN80: =AM80*AL80 -> 231000
A81: AC | B81: 404 | C81: CARRASCO | D81: MENDOZA | E81: FELIPE | F81: 16690731-4 | V81: 1 | W81: 1 | X81: 1 | Y81: 1 | Z81: 1 | AA81: 1 | AB81: 1 | AL81: =SUM(G81:AK81) -> 7 | AM81: 33000 | AN81: =AM81*AL81 -> 231000
A82: AC | B82: 406 | C82: MOSCOSO | D82: SAEZ | E82: DANIEL | F82: 17678108-4 | V82: 1 | W82: 1 | X82: 1 | Y82: 1 | Z82: 1 | AA82: 1 | AB82: 1 | AL82: =SUM(G82:AK82) -> 7 | AM82: 60000 | AN82: =AM82*AL82 -> 420000
A83: AC | B83: 604 | C83: GALAZ | D83: GONZALEZ | E83: ALEJANDRO | F83: 19527019-8 | V83: 1 | W83: 1 | X83: 1 | Y83: 1 | Z83: 1 | AA83: 1 | AB83: 1 | AL83: =SUM(G83:AK83) -> 7 | AM83: 33000 | AN83: =AM83*AL83 -> 231000
... A92: AC | B92: 1402 | C92: DUARTE | D92: GOMEZ | E92: JORGE | F92: 9635487-8 | V92: 1 | W92: 1 | X92: 1 | Y92: 1 | Z92: 1 | AA92: 1 | AB92: 1 | AL92: =SUM(G92:AK92) -> 7 | AM92: 33000 | AN92: =AM92*AL92 -> 231000
A93: AC | B93: 205 | C93: VELIS | D93: VARAS | E93: CLAUDIO | F93: 16728609-7 | AC93: 1 | AD93: 1 | AE93: 1 | AF93: 1 | AG93: 1 | AH93: 1 | AI93: 1 | AJ93: 1 | AK93: 1 | AL93: =SUM(G93:AK93) -> 9 | AM93: 33000 | AN93: =AM93*AL93 -> 297000
A94: AC | B94: 205 | C94: VALENZUELA | D94: NUÑEZ | E94: ESTEBAN | F94: 19408470-6 | AC94: 1 | AD94: 1 | AE94: 1 | AF94: 1 | AG94: 1 | AH94: 1 | AI94: 1 | AJ94: 1 | AK94: 1 | AL94: =SUM(G94:AK94) -> 9 | AM94: 33000 | AN94: =AM94*AL94 -> 297000
A95: AC | B95: 302 | C95: OLIVARES | D95: MIGUELES | E95: GONZALO | F95: 18843149-6 | AC95: 1 | AD95: 1 | AE95: 1 | AF95: 1 | AG95: 1 | AH95: 1 | AI95: 1 | AJ95: 1 | AK95: 1 | AL95: =SUM(G95:AK95) -> 9 | AM95: 33000 | AN95: =AM95*AL95 -> 297000
A96: AC | B96: 302 | C96: VILLARREAL | D96: CERNA | E96: EDWAR | F96: 20101406-9 | AC96: 1 | AD96: 1 | AE96: 1 | AF96: 1 | AG96: 1 | AH96: 1 | AI96: 1 | AJ96: 1 | AK96: 1 | AL96: =SUM(G96:AK96) -> 9 | AM96: 33000 | AN96: =AM96*AL96 -> 297000
A97: AC | B97: 304 | C97: CARRASCO | D97: AVILA | E97: CYNTHIA | F97: 19278457-3 | AC97: 1 | AD97: 1 | AE97: 1 | AF97: 1 | AG97: 1 | AH97: 1 | AI97: 1 | AJ97: 1 | AK97: 1 | AL97: =SUM(G97:AK97) -> 9 | AM97: 33000 | AN97: =AM97*AL97 -> 297000
A98: AC | B98: 304 | C98: TOLOZA | D98: ARROYO | E98: KATHERINE | F98: 15188041-K | AC98: 1 | AD98: 1 | AE98: 1 | AF98: 1 | AG98: 1 | AH98: 1 | AI98: 1 | AJ98: 1 | AK98: 1 | AL98: =SUM(G98:AK98) -> 9 | AM98: 33000 | AN98: =AM98*AL98 -> 297000
A99: AC | B99: 403 | C99: SEPULVEDA | D99: ABURTO | E99: FERNANDO | F99: 17319810-8 | AC99: 1 | AD99: 1 | AE99: 1 | AF99: 1 | AG99: 1 | AH99: 1 | AI99: 1 | AJ99: 1 | AK99: 1 | AL99: =SUM(G99:AK99) -> 9 | AM99: 33000 | AN99: =AM99*AL99 -> 297000
A100: AC | B100: 403 | C100: GALLARDO | D100: BASTIAS | E100: OSCAR | F100: 16703648-1 | AD100: 1 | AE100: 1 | AF100: 1 | AG100: 1 | AH100: 1 | AI100: 1 | AJ100: 1 | AK100: 1 | AL100: =SUM(G100:AK100) -> 8 | AM100: 33000 | AN100: =AM100*AL100 -> 264000
A101: AC | B101: 404 | C101: QUEVEDO | D101: MERINO | E101: CRISTÓBAL | F101: 19359014-4 | AC101: 1 | AD101: 1 | AE101: 1 | AF101: 1 | AG101: 1 | AH101: 1 | AI101: 1 | AJ101: 1 | AK101: 1 | AL101: =SUM(G101:AK101) -> 9 | AM101: 33000 | AN101: =AM101*AL101 -> 297000
A102: AC | B102: 404 | C102: AMESTICA | D102: HURVINA | E102: JORGE | F102: 19720960-7 | AC102: 1 | AD102: 1 | AE102: 1 | AF102: 1 | AG102: 1 | AH102: 1 | AI102: 1 | AJ102: 1 | AK102: 1 | AL102: =SUM(G102:AK102) -> 9 | AM102: 33000 | AN102: =AM102*AL102 -> 297000
A103: AC | B103: 406 | C103: MOSCOSO | D103: SAEZ | E103: DANIEL | F103: 17678108-4 | AC103: 1 | AD103: 1 | AE103: 1 | AF103: 1 | AG103: 1 | AH103: 1 | AI103: 1 | AJ103: 1 | AK103: 1 | AL103: =SUM(G103:AK103) -> 9 | AM103: 60000 | AN103: =AM103*AL103 -> 540000
A104: AC | B104: 604 | C104: GALAZ | D104: GONZALEZ | E104: ALEJANDRO | F104: 19527019-8 | AC104: 1 | AD104: 1 | AE104: 1 | AF104: 1 | AG104: 1 | AH104: 1 | AI104: 1 | AJ104: 1 | AK104: 1 | AL104: =SUM(G104:AK104) -> 9 | AM104: 33000 | AN104: =AM104*AL104 -> 297000
A105: AC | B105: 604 | C105: PINTO | D105: CHAVEZ | E105: CLAUDIO | F105: 13726534-6 | AC105: 1 | AD105: 1 | AE105: 1 | AF105: 1 | AG105: 1 | AH105: 1 | AI105: 1 | AJ105: 1 | AK105: 1 | AL105: =SUM(G105:AK105) -> 9 | AM105: 33000 | AN105: =AM105*AL105 -> 297000
A106: AC | B106: 903 | C106: COVARRUBIAS | D106: PAVES | E106: JAVIERA | F106: 17353868-5 | AC106: 1 | AD106: 1 | AE106: 1 | AF106: 1 | AG106: 1 | AH106: 1 | AI106: 1 | AJ106: 1 | AK106: 1 | AL106: =SUM(G106:AK106) -> 9 | AM106: 33000 | AN106: =AM106*AL106 -> 297000
A107: AC | B107: 903 | C107: CUETO | D107: PEZOA | E107: SUSANA | F107: 13225829-5 | AC107: 1 | AD107: 1 | AE107: 1 | AF107: 1 | AG107: 1 | AH107: 1 | AI107: 1 | AJ107: 1 | AK107: 1 | AL107: =SUM(G107:AK107) -> 9 | AM107: 33000 | AN107: =AM107*AL107 -> 297000
A108: AC | B108: 1101 | C108: PINOCHET | D108: RETAMAL | E108: CONSUELO | F108: 17904147-2 | AC108: 1 | AD108: 1 | AE108: 1 | AF108: 1 | AG108: 1 | AH108: 1 | AI108: 1 | AJ108: 1 | AK108: 1 | AL108: =SUM(G108:AK108) -> 9 | AM108: 33000 | AN108: =AM108*AL108 -> 297000
A109: AC | B109: 1101 | C109: SANDOVAL | D109: ARCE | E109: GISELA | F109: 19120950-8 | AC109: 1 | AD109: 1 | AE109: 1 | AF109: 1 | AG109: 1 | AH109: 1 | AI109: 1 | AJ109: 1 | AK109: 1 | AL109: =SUM(G109:AK109) -> 9 | AM109: 33000 | AN109: =AM109*AL109 -> 297000
A110: AC | B110: 1302 | C110: RIVERA | D110: ARANCIBIA | E110: DANIELA | F110: 18024668-1 | AC110: 1 | AD110: 1 | AE110: 1 | AF110: 1 | AG110: 1 | AH110: 1 | AI110: 1 | AJ110: 1 | AK110: 1 | AL110: =SUM(G110:AK110) -> 9 | AM110: 33000 | AN110: =AM110*AL110 -> 297000
A111: AC | B111: 1302 | C111: DIAZ | D111: ZAMORANO | E111: VALENTINA | F111: 17764546-K | AC111: 1 | AD111: 1 | AE111: 1 | AF111: 1 | AG111: 1 | AH111: 1 | AI111: 1 | AJ111: 1 | AK111: 1 | AL111: =SUM(G111:AK111) -> 9 | AM111: 33000 | AN111: =AM111*AL111 -> 297000
A112: AC | B112: 1402 | C112: VERGARA | E112: CLAUDIO | F112: 12521035-K | AC112: 1 | AJ112: 1 | AK112: 1 | AL112: =SUM(G112:AK112) -> 3 | AM112: 33000 | AN112: =AM112*AL112 -> 99000
A113: AC | B113: 1402 | C113: HERMOSILLA | D113: GUZMAN | E113: HECTOR | F113: 19297281-7 | AC113: 1 | AD113: 1 | AE113: 1 | AF113: 1 | AG113: 1 | AH113: 1 | AI113: 1 | AJ113: 1 | AK113: 1 | AL113: =SUM(G113:AK113) -> 9 | AM113: 33000 | AN113: =AM113*AL113 -> 297000
A114: AC | B114: 503 | C114: BARRIOS | E114: JOSE | F114: 19525733-7 | AH114: 1 | AI114: 1 | AJ114: 1 | AK114: 1 | AL114: =SUM(G114:AK114) -> 4 | AM114: 33000 | AN114: =AM114*AL114 -> 132000
A115: AC | B115: 503 | C115: POBLETE | E115: CLAUDIO | AH115: 1 | AI115: 1 | AJ115: 1 | AK115: 1 | AL115: =SUM(G115:AK115) -> 4 | AM115: 33000 | AN115: =AM115*AL115 -> 132000
G117: =SUM(G10:G116) -> 19 | H117: =SUM(H10:H116) -> 20 | I117: =SUM(I10:I116) -> 18 | J117: =SUM(J10:J116) -> 18 | K117: =SUM(K10:K116) -> 18 | L117: =SUM(L10:L116) -> 18 | M117: =SUM(M10:M116) -> 19 | N117: =SUM(N10:N116) -> 19 | ... AL117: =SUM(AL10:AL116) -> 611
B120: TOTAL ALOJAMIENTO DOBLE ACONCAGUA | G120: =G117 -> 19 | H120: =H117 -> 20 | I120: =I117 -> 18 | J120: =J117 -> 18 | K120: =K117 -> 18 | L120: =L117 -> 18 | M120: =M117 -> 19 | N120: =N117 -> 19 | ... AK120: =AK117 -> 23 | AL120: =SUM(G120:AK120) -> 611
B121: ALOJAMIENTO PACTADO 20 | G121: 20 | H121: 20 | I121: 20 | J121: 20 | K121: 20 | L121: 20 | M121: 20 | N121: 20 | O121: 20 | P121: 20 | Q121: 20 | R121: 20 | S121: 20 | T121: 20 | U121: 20 | V121: 21 | W121: 21 | X121: 21 | Y121: 21 | Z121: 21 | AA121: 21 | AB121: 21 | AC121: 21 | AD121: 21 | AE121: 21 | AF121: 21 | AG121: 21 | AH121: 23 | AI121: 23 | AJ121: 23 | AK121: 23 | AN121: =SUM(AN10:AN120) -> 20649000
B122: DIFERENCIA | G122: =G121-G120 -> 1 | H122: =H121-H120 -> 0 | I122: =I121-I120 -> 2 | J122: =J121-J120 -> 2 | K122: =K121-K120 -> 2 | L122: =L121-L120 -> 2 | M122: =M121-M120 -> 1 | N122: =N121-N120 -> 1 | ... AK122: =AK121-AK120 -> 0 | AL122: =SUM(G122:AK122) -> 33 | AM122: 20500 | AN122: =AM122*AL122 -> 676500
AL123: =SUM(AL120,AL122) -> 644 | AM123: TOTAL AC | AN123: =SUM(AN121:AN122) -> 21325500
...

Sheet LT
A6: CORRELATIVO N°4 | G6: 45839 | H6: 45840 | I6: 45841 | J6: 45842 | K6: 45843 | L6: 45844 | M6: 45845 | N6: 45846 | O6: 45847 | P6: 45848 | Q6: 45849 | R6: 45850 | S6: 45851 | T6: 45852 | U6: 45853 | V6: 45854 | W6: 45855 | X6: 45856 | Y6: 45857 | Z6: 45858 | AA6: 45859 | AB6: 45860 | AC6: 45861 | AD6: 45862 | AE6: 45863 | AF6: 45864 | AG6: 45865 | AH6: 45866 | AI6: 45867 | AJ6: 45868 | AK6: 01 AL 31 DE JULIO
B9: HAB | C9: APELLIDO PATERNO | D9: APELLIDO MATERNO | E9: NOMBRE | F9: RUT | AK9: D. OCUP | AL9: V. OCUP | AM9: T. OCUP.
A10: LT | B10: 202 | C10: VARELA | D10: CONTRERAS | E10: HECTOR | F10: 13624141-9 | H10: 1 | I10: 1 | AK10: =SUM(G10:AJ10) -> 2 | AL10: 32000 | AM10: =AL10*AK10 -> 64000
A11: LT | B11: 202 | C11: SANCHEZ | D11: HANCCO | E11: WILSON | F11: 12493121-5 | H11: 1 | I11: 1 | AK11: =SUM(G11:AJ11) -> 2 | AL11: 32000 | AM11: =AL11*AK11 -> 64000
A12: LT | B12: 202 | C12: CCACALA | D12: YAMPASI | E12: JESUS | F12: 444849967 | H12: 1 | I12: 1 | AK12: =SUM(G12:AJ12) -> 2 | AL12: 32000 | AM12: =AL12*AK12 -> 64000
A13: LT | B13: 203 | C13: BERMEJO | D13: LEYTON | E13: JOSE | F13: 44471956-7 | H13: 1 | I13: 1 | AK13: =SUM(G13:AJ13) -> 2 | AL13: 32000 | AM13: =AL13*AK13 -> 64000
A14: LT | B14: 203 | C14: RAMOS | D14: JANAMPA | E14: RONY | F14: 44471941-9 | H14: 1 | I14: 1 | AK14: =SUM(G14:AJ14) -> 2 | AL14: 32000 | AM14: =AL14*AK14 -> 64000
A15: LT | B15: 203 | C15: UQUICHE | D15: FLORES | E15: LUIS | F15: 33133566-5 | H15: 1 | I15: 1 | AK15: =SUM(G15:AJ15) -> 2 | AL15: 32000 | AM15: =AL15*AK15 -> 64000
A16: LT | B16: 204 | C16: MONTALVO | D16: JIMENEZ | E16: ERICK | F16: 33573989-2 | H16: 1 | I16: 1 | AK16: =SUM(G16:AJ16) -> 2 | AL16: 32000 | AM16: =AL16*AK16 -> 64000
A17: LT | B17: 204 | C17: PANDURO | D17: DIAZ | E17: BILLY | F17: 44472384-K | H17: 1 | I17: 1 | AK17: =SUM(G17:AJ17) -> 2 | AL17: 32000 | AM17: =AL17*AK17 -> 64000
A18: LT | B18: 301 | C18: GUTIERREZ | D18: ZUÑIGA | E18: JOSE | F18: 19091189-6 | H18: 1 | I18: 1 | AK18: =SUM(G18:AJ18) -> 2 | AL18: 32000 | AM18: =AL18*AK18 -> 64000
A19: LT | B19: 303 | C19: CHURATA | D19: CHUQUIJA | E19: ELISEO | F19: 44472068-9 | H19: 1 | I19: 1 | AK19: =SUM(G19:AJ19) -> 2 | AL19: 32000 | AM19: =AL19*AK19 -> 64000
A20: LT | B20: 303 | C20: MATO | D20: FLORES | E20: ISAAC | F20: 44471932-K | H20: 1 | I20: 1 | AK20: =SUM(G20:AJ20) -> 2 | AL20: 32000 | AM20: =AL20*AK20 -> 64000
A21: LT | B21: 305 | C21: DIAZ | D21: CALLE | E21: ODAR | F21: 44472104-9 | H21: 1 | I21: 1 | AK21: =SUM(G21:AJ21) -> 2 | AL21: 32000 | AM21: =AL21*AK21 -> 64000
A22: LT | B22: 305 | C22: VILLAR | D22: FLORES | E22: EDGAR | F22: 33663428-8 | H22: 1 | I22: 1 | AK22: =SUM(G22:AJ22) -> 2 | AL22: 32000 | AM22: =AL22*AK22 -> 64000
A23: LT | B23: 306 | C23: SCHOTT | D23: HERRERA | E23: CRISTIAN | F23: 15452879-2 | H23: 1 | I23: 1 | AK23: =SUM(G23:AJ23) -> 2 | AL23: 32000 | AM23: =AL23*AK23 -> 64000
A24: LT | B24: 306 | C24: TORRES | D24: SEPULVEDA | E24: ISAIAS | F24: 12382889-5 | H24: 1 | I24: 1 | AK24: =SUM(G24:AJ24) -> 2 | AL24: 32000 | AM24: =AL24*AK24 -> 64000
... A31: LT | B31: 501 | C31: INZUNZA | D31: CHANDIA | E31: LUIS | F31: 13128159-5 | H31: 1 | I31: 1 | AK31: =SUM(G31:AJ31) -> 2 | AL31: 32000 | AM31: =AL31*AK31 -> 64000
G33: =SUM(G10:G32) -> 0 | H33: =SUM(H10:H32) -> 22 | I33: =SUM(I10:I32) -> 22 | J33: =SUM(J10:J32) -> 0 | K33: =SUM(K10:K32) -> 0 | L33: =SUM(L10:L32) -> 0 | M33: =SUM(M10:M32) -> 0 | N33: =SUM(N10:N32) -> 0 | ... AK33: =SUM(AK10:AK32) -> 44
AL35: TOTAL | AM35: =SUM(AM10:AM34) -> 1408000
A37: CORRELATIVO N°4 | G37: 45839 | H37: 45840 | I37: 45841 | J37: 45842 | K37: 45843 | L37: 45844 | M37: 45845 | N37: 45846 | O37: 45847 | P37: 45848 | Q37: 45849 | R37: 45850 | S37: 45851 | T37: 45852 | U37: 45853 | V37: 45854 | W37: 45855 | X37: 45856 | Y37: 45857 | Z37: 45858 | AA37: 45859 | AB37: 45860 | AC37: 45861 | AD37: 45862 | AE37: 45863 | AF37: 45864 | AG37: 45865 | AH37: 45866 | AI37: 45867 | AJ37: 45868 | AK37: 01 AL 31 DE JULIO
A40: ALMUERZOS | AK40: D. OCUP | AL40: V. OCUP | AM40: T. OCUP.
A41: 1 | B41: ALMUERZOS | H41: 13 | I41: 16 | AK41: =SUM(G41:AJ41) -> 29 | AL41: 8500 | AM41: =AL41*AK41 -> 246500
AL43: ALOJAMIENTO | AM43: =AM35 -> 1408000
AL44: ALMUERZOS | AM44: =AM41 -> 246500

Sheet H2
A6: CORRELATIVO N°4 | G6: 45868 | H6: 45869 | I6: 01 AL 31 DE JULIO
B9: HAB | C9: APELLIDO PATERNO | D9: APELLIDO MATERNO | E9: NOMBRE | F9: RUT | I9: D. OCUP | J9: V. OCUP | K9: T. OCUP.
A10: H2 | B10: 103 | C10: KERO | D10: HERNANDEZ | E10: PABLO | F10: 18788799-2 | G10: 1 | H10: 1 | I10: =SUM(G10:H10) -> 2 | J10: 32000 | K10: =J10*I10 -> 64000
A11: H2 | B11: 103 | C11: SANCHEZ | D11: CRISTALDO | E11: JORDAN | F11: 22038079-3 | G11: 1 | H11: 1 | I11: =SUM(G11:H11) -> 2 | J11: 32000 | K11: =J11*I11 -> 64000
A12: H2 | B12: 201 | C12: CALFUEQUE | D12: VERA | E12: DAGOBERTO | F12: 15554007-9 | G12: 1 | H12: 1 | I12: =SUM(G12:H12) -> 2 | J12: 32000 | K12: =J12*I12 -> 64000
A13: H2 | B13: 201 | C13: MATUS | D13: ESCOBAR | E13: RODOLFO | F13: 14059897-6 | G13: 1 | H13: 1 | I13: =SUM(G13:H13) -> 2 | J13: 32000 | K13: =J13*I13 -> 64000
A14: H2 | B14: 202 | C14: ALFARO | D14: ALFARO | E14: BENITO | F14: 16054392-2 | G14: 1 | H14: 1 | I14: =SUM(G14:H14) -> 2 | J14: 32000 | K14: =J14*I14 -> 64000
A15: H2 | B15: 202 | C15: TECHELET | E15: PIERRE | F15: 25980292-K | G15: 1 | H15: 1 | I15: =SUM(G15:H15) -> 2 | J15: 32000 | K15: =J15*I15 -> 64000
A16: H2 | B16: 203 | C16: ADAMAS | D16: REYES | E16: FERNANDO | F16: 16541548-5 | G16: 1 | H16: 1 | I16: =SUM(G16:H16) -> 2 | J16: 32000 | K16: =J16*I16 -> 64000
A17: H2 | B17: 203 | C17: ARAYA | D17: MARIN | E17: ISAAC | F17: 20167572-3 | G17: 1 | H17: 1 | I17: =SUM(G17:H17) -> 2 | J17: 32000 | K17: =J17*I17 -> 64000
A18: H2 | B18: 204 | C18: GONZALEZ | D18: ARRIGADA | E18: PATRICIA | F18: 12484559-9 | G18: 1 | H18: 1 | I18: =SUM(G18:H18) -> 2 | J18: 32000 | K18: =J18*I18 -> 64000
A19: H2 | B19: 205 | C19: ADAMAS | D19: REYES | E19: BRAYAN | F19: 17219265-3 | G19: 1 | H19: 1 | I19: =SUM(G19:H19) -> 2 | J19: 32000 | K19: =J19*I19 -> 64000
A20: H2 | B20: 205 | C20: ALVAREZ | D20: ADASMA | E20: IGNACIO | F20: 20924569-8 | G20: 1 | H20: 1 | I20: =SUM(G20:H20) -> 2 | J20: 32000 | K20: =J20*I20 -> 64000
A21: H2 | B21: 206 | C21: SEPULVEDA | D21: ALVIAL | E21: DANY | F21: 15180143-9 | G21: 1 | H21: 1 | I21: =SUM(G21:H21) -> 2 | J21: 32000 | K21: =J21*I21 -> 64000
A22: H2 | B22: 206 | C22: PRIETO | D22: MONTECINOS | E22: JOSE | F22: 19827281-7 | G22: 1 | H22: 1 | I22: =SUM(G22:H22) -> 2 | J22: 32000 | K22: =J22*I22 -> 64000
A23: H2 | B23: 301 | C23: MAURICIO | D23: VELASQUEZ | E23: HELBER | F23: 44484822-7 | G23: 1 | H23: 1 | I23: =SUM(G23:H23) -> 2 | J23: 32000 | K23: =J23*I23 -> 64000
A24: H2 | B24: 301 | C24: TUESTA | D24: DANTAS | E24: RAUL | F24: 33666443-8 | G24: 1 | H24: 1 | I24: =SUM(G24:H24) -> 2 | J24: 32000 | K24: =J24*I24 -> 64000
A25: H2 | B25: 302 | C25: CONSUEGRA | D25: ARCE | E25: WILLIAM | F25: 26341309-1 | G25: 1 | H25: 1 | I25: =SUM(G25:H25) -> 2 | J25: 32000 | K25: =J25*I25 -> 64000
A26: H2 | B26: 302 | C26: LIGNAI | D26: TRUJILLO | E26: LUIS | F26: 10516209-K | G26: 1 | H26: 1 | I26: =SUM(G26:H26) -> 2 | J26: 32000 | K26: =J26*I26 -> 64000
A27: H2 | B27: 303 | C27: YACTAYO | D27: VERGARAY | E27: JAIME | F27: 44484842-1 | G27: 1 | H27: 1 | I27: =SUM(G27:H27) -> 2 | J27: 32000 | K27: =J27*I27 -> 64000
... A35: H2 | B35: 401 | C35: HUAMACTO | D35: VIVANCO | E35: ALDO | F35: 33655503-5 | G35: 1 | H35: 1 | I35: =SUM(G35:H35) -> 2 | J35: 32000 | K35: =J35*I35 -> 64000
A36: H2 | B36: 401 | C36: SANCHEZ | D36: HANCCO | E36: WILSON | F36: 444849118 | G36: 1 | H36: 1 | I36: =SUM(G36:H36) -> 2 | J36: 32000 | K36: =J36*I36 -> 64000
A37: H2 | B37: 402 | C37: GONZALES | D37: PALOMINO | E37: LUIS | F37: 44484870-7 | G37: 1 | H37: 1 | I37: =SUM(G37:H37) -> 2 | J37: 32000 | K37: =J37*I37 -> 64000
A38: H2 | B38: 402 | C38: HUACCHA | D38: LLANOS | E38: PATRICIO | F38: 44486389-7 | G38: 1 | H38: 1 | I38: =SUM(G38:H38) -> 2 | J38: 32000 | K38: =J38*I38 -> 64000
A39: H2 | B39: 403 | C39: FUENTES | D39: CABRERA | E39: JAIME | F39: 14363777-8 | G39: 1 | H39: 1 | I39: =SUM(G39:H39) -> 2 | J39: 32000 | K39: =J39*I39 -> 64000
A40: H2 | B40: 403 | C40: CAAMAÑO | D40: CANCINO | E40: DIEGO | F40: 11790104-1 | G40: 1 | H40: 1 | I40: =SUM(G40:H40) -> 2 | J40: 32000 | K40: =J40*I40 -> 64000
A41: H2 | B41: 404 | C41: HUAMAN | D41: PAUCAR | E41: JUVELIO | F41: 33655736-4 | G41: 1 | H41: 1 | I41: =SUM(G41:H41) -> 2 | J41: 32000 | K41: =J41*I41 -> 64000
A42: H2 | B42: 404 | C42: CCACCALA | D42: YANPASI | E42: JESUS | F42: 444849967 | G42: 1 | H42: 1 | I42: =SUM(G42:H42) -> 2 | J42: 32000 | K42: =J42*I42 -> 64000
A43: H2 | B43: 405 | C43: RAVANAL | D43: BELMAR | E43: ALEJANDRO | F43: 19052453-1 | G43: 1 | H43: 1 | I43: =SUM(G43:H43) -> 2 | J43: 32000 | K43: =J43*I43 -> 64000
A44: H2 | B44: 405 | C44: TORRES | D44: BENITEZ | E44: ERIK | F44: 17870662-4 | G44: 1 | H44: 1 | I44: =SUM(G44:H44) -> 2 | J44: 32000 | K44: =J44*I44 -> 64000
A45: H2 | B45: 406 | C45: BRIONES | D45: LEAL | E45: MANUEL | F45: 13281520-8 | G45: 1 | H45: 1 | I45: =SUM(G45:H45) -> 2 | J45: 32000 | K45: =J45*I45 -> 64000
A46: H2 | B46: 406 | C46: CALPIQUEO | D46: PAILLACAN | E46: ALIRO | F46: 15239015-7 | G46: 1 | H46: 1 | I46: =SUM(G46:H46) -> 2 | J46: 32000 | K46: =J46*I46 -> 64000
A47: H2 | B47: 501 | C47: ACEVEDO | D47: LETELIER | E47: CRISTIAN | F47: 16856842-8 | G47: 1 | H47: 1 | I47: =SUM(G47:H47) -> 2 | J47: 32000 | K47: =J47*I47 -> 64000
A48: H2 | B48: 501 | C48: SOTO | D48: RODRIGUEZ | E48: ROBERTO | F48: 14332421-4 | G48: 1 | H48: 1 | I48: =SUM(G48:H48) -> 2 | J48: 32000 | K48: =J48*I48 -> 64000
A49: H2 | B49: 502 | C49: ROSALES | D49: ARAVENA | E49: LEANDRO | F49: 16140720-8 | G49: 1 | H49: 1 | I49: =SUM(G49:H49) -> 2 | J49: 32000 | K49: =J49*I49 -> 64000
A50: H2 | B50: 502 | C50: RUIZ | D50: MANRIQUEZ | E50: ERME | F50: 15209490-6 | G50: 1 | H50: 1 | I50: =SUM(G50:H50) -> 2 | J50: 32000 | K50: =J50*I50 -> 64000
A51: H2 | B51: 503 | C51: ANDIA | E51: RAUL | F51: 23105583-5 | G51: 1 | H51: 1 | I51: =SUM(G51:H51) -> 2 | J51: 32000 | K51: =J51*I51 -> 64000
A52: H2 | B52: 504 | C52: HUAYRA | D52: QUISPE | E52: FIDEL | F52: 44484808-1 | G52: 1 | H52: 1 | I52: =SUM(G52:H52) -> 2 | J52: 32000 | K52: =J52*I52 -> 64000
A53: H2 | B53: 504 | C53: ZAMBRANO | D53: QUISPE | E53: HERMINIO | F53: 44484835-9 | G53: 1 | H53: 1 | I53: =SUM(G53:H53) -> 2 | J53: 32000 | K53: =J53*I53 -> 64000
A54: H2 | B54: 505 | C54: ANCANAO | D54: RODRIGUEZ | E54: JUAN | F54: 15210383-2 | G54: 1 | H54: 1 | I54: =SUM(G54:H54) -> 2 | J54: 32000 | K54: =J54*I54 -> 64000
A55: H2 | B55: 505 | C55: COFRE | D55: TRONCOSO | E55: PATRICIO | F55: 13155394-3 | G55: 1 | H55: 1 | I55: =SUM(G55:H55) -> 2 | J55: 32000 | K55: =J55*I55 -> 64000
A56: H2 | B56: 506 | C56: ANZALDO | D56: PARRA | E56: DANIEL | F56: 23291157-3 | G56: 1 | H56: 1 | I56: =SUM(G56:H56) -> 2 | J56: 32000 | K56: =J56*I56 -> 64000
A57: H2 | B57: 103 | C57: CIRIACO | D57: PASCUAL | E57: EDSON | F57: 10756831 | H57: 1 | I57: =SUM(G57:H57) -> 1 | J57: 32000 | K57: =J57*I57 -> 32000
A58: H2 | B58: 103 | C58: PIO | D58: MICHUY | E58: LADISLAO | F58: 460720660 | H58: 1 | I58: =SUM(G58:H58) -> 1 | J58: 32000 | K58: =J58*I58 -> 32000
A59: H2 | B59: 204 | C59: YAÑEZ | D59: ROJAS | E59: VICTORIA | F59: 17775097-2 | H59: 1 | I59: =SUM(G59:H59) -> 1 | J59: 32000 | K59: =J59*I59 -> 32000
G61: =SUM(G10:G60) -> 47 | H61: =SUM(H10:H60) -> 50 | I61: =SUM(I10:I60) -> 97
J63: TOTAL | K63: =SUM(K10:K62) -> 3104000
A65: CORRELATIVO N°4 | G65: 45868 | H65: 45869 | I65: 01 AL 31 DE JULIO
A68: ALMUERZOS | I68: D. OCUP | J68: V. OCUP | K68: T. OCUP.
A69: 1 | B69: ALMUERZOS | H69: 18 | I69: =SUM(G69:H69) -> 18 | J69: 8500 | K69: =J69*I69 -> 153000
J71: ALOJAMIENTO | K71: =K63 -> 3104000
J72: ALMUERZOS | K72: =K69 -> 153000
